model,receiver_id,hardware_family,macro_f1,accuracy,balanced_accuracy,ece
DG_CORAL,1-1,N210,0.80592545459331821,0.80971746575342463,0.80960894413720363,0.093443886170240201
DG_CORAL,1-19,N210,0.7099462755845215,0.71322773972602749,0.71300016812844347,0.1869683955426085
DG_CORAL,1-20,N210,0.8055633309305209,0.82127568493150682,0.82127150844331565,0.073099103023310699
DG_CORAL,13-14,B210,0.71302083554741236,0.73860424028268556,0.74335123342778753,0.12930756478435471
DG_CORAL,13-7,B210,0.82776173881959902,0.82735445205479452,0.82725834357607686,0.056085317056906697
DG_CORAL,14-7,N210,0.87677219219139002,0.87756849315068486,0.87789574510749124,0.045068100395880301
DG_CORAL,18-19,B210,0.81730751351120978,0.81776541095890409,0.81764546760020473,0.079713918373932699
DG_CORAL,18-2,B210,0.77329413755361764,0.79863013698630136,0.79786222192685874,0.092804365131161901
DG_CORAL,19-1,N210,0.75980601272687154,0.76673801369863015,0.76666285118442312,0.1209946141112595
DG_CORAL,19-19,N210,0.83590193435481086,0.8542808219178083,0.85437145554318517,0.066862193984298393
DG_CORAL,19-2,N210,0.82555874188619127,0.82885273972602747,0.82890541997109435,0.066596894035728105
DG_CORAL,19-20,N210,0.77534030908734652,0.78555456171735238,0.79398248709010544,0.1178549499305927
DG_CORAL,2-1,N210,0.78820157656477785,0.79815924657534254,0.798092685230819,0.12532777807432899
DG_CORAL,2-19,N210,0.85037123549379623,0.86053082191780828,0.86035851145590914,0.065429348205152296
DG_CORAL,20-1,N210,0.91389844166162881,0.9127568493150684,0.91278332235871196,0.031441989235503398
DG_CORAL,20-19,N210,0.88486213214905651,0.89413527397260284,0.8941237975164944,0.048180299800858799
DG_CORAL,20-20,N210,0.78515513733306752,0.79721746575342467,0.79721809341188965,0.088785479685342603
DG_CORAL,23-1,X310,0.9160847062912848,0.91750856164383565,0.91753968149462883,0.0283582746370197
DG_CORAL,23-3,X310,0.81566451032401555,0.83617294520547936,0.83611359858712109,0.0769841884792309
DG_CORAL,23-5,X310,0.8268661744600514,0.83463184931506851,0.83476773785671021,0.072765435556536598
DG_CORAL,23-6,X310,0.89350760386867734,0.90372431506849316,0.90369537347608719,0.041699871701532699
DG_CORAL,23-7,X310,0.71614456820355998,0.74238013698630145,0.74229447408095695,0.1725414782749769
DG_CORAL,24-13,X310,0.83120522988788559,0.8677996422182469,0.84421793805591583,0.041631061976945397
DG_CORAL,24-16,X310,0.86101355474961672,0.87589445438282643,0.86321148459263897,0.040691510558608097
DG_CORAL,24-5,X310,0.55525881829975221,0.67132761231701166,0.58370651480309854,0.17686974366676431
DG_CORAL,24-6,X310,0.88406053805752371,0.89727810650887574,0.88483583320951931,0.0212539548429511
DG_CORAL,3-19,B210,0.61628701114721651,0.6304794520547945,0.63064032401648173,0.17893867945132691
DG_CORAL,7-14,N210,0.75181656806943642,0.76301369863013702,0.76312762285561353,0.13710454676415099
DG_CORAL,7-7,N210,0.88906619860032721,0.89434931506849313,0.89451340055594675,0.055895733648324099
DG_CORAL,8-14,B210,0.73203441248949108,0.73476027397260268,0.73484594859415353,0.095117332109517894
DG_CORAL,8-7,B210,0.81980445424888093,0.82298801369863006,0.82288847840933277,0.069638813513471301
DG_CORAL,8-8,N210,0.90475683065024159,0.90697773972602758,0.90679313908572756,0.033589069482117602
DG_DANN,1-1,N210,0.79084045439278883,0.79798801369863015,0.79789305575264824,0.1014705802454319
DG_DANN,1-19,N210,0.7263626069150696,0.72799657534246576,0.72775922300166251,0.1695860943540114
DG_DANN,1-20,N210,0.81777357263940031,0.82666952054794529,0.82657594173474125,0.066543710455043203
DG_DANN,13-14,B210,0.7186929447766659,0.74112190812720846,0.74540729916513127,0.1123935447242308
DG_DANN,13-7,B210,0.80198557043261209,0.80342465753424652,0.80335843952747088,0.076251000892498394
DG_DANN,14-7,N210,0.86190035164161038,0.86318493150684927,0.86344324010321893,0.0533478267758778
DG_DANN,18-19,B210,0.80949008249704502,0.81108732876712319,0.81099286052906927,0.075231846604394095
DG_DANN,18-2,B210,0.75987643111455416,0.78493150684931512,0.78433914799143045,0.1023772096439991
DG_DANN,19-1,N210,0.77295898177381095,0.78214897260273974,0.78193302683157795,0.1033905878663062
DG_DANN,19-19,N210,0.84129686068955178,0.85445205479452047,0.85454331316783816,0.062122594912804197
DG_DANN,19-2,N210,0.81863294178343238,0.82234589041095896,0.82238530433205737,0.063952251490562606
DG_DANN,19-20,N210,0.79171994611858509,0.79901610017889091,0.80681083892394412,0.1020244761734987
DG_DANN,2-1,N210,0.80329996078793309,0.80976027397260286,0.80961881268362101,0.097871680923240001
DG_DANN,2-19,N210,0.85934486114041631,0.86643835616438358,0.86638846421294957,0.046407560212537502
DG_DANN,20-1,N210,0.9099660402548968,0.90903253424657537,0.90905593924021699,0.028384072338039499
DG_DANN,20-19,N210,0.89799026761449985,0.90766267123287681,0.9077911511467136,0.039098993295880097
DG_DANN,20-20,N210,0.74772723593144763,0.76322773972602742,0.76335552485495661,0.10545665169619529
DG_DANN,23-1,X310,0.90501728874431697,0.90616438356164397,0.90619841659142641,0.019226756845664598
DG_DANN,23-3,X310,0.81930421332941439,0.8380565068493151,0.83804193830387508,0.074537554041367596
DG_DANN,23-5,X310,0.82007280821869011,0.82885273972602747,0.82897769131565069,0.077331996066113004
DG_DANN,23-6,X310,0.88906215945718237,0.90205479452054804,0.90207414894571802,0.043496417871689098
DG_DANN,23-7,X310,0.72625610470646529,0.74944349315068493,0.74929537744969665,0.166728555158495
DG_DANN,24-13,X310,0.82875505118390258,0.85872093023255813,0.83749531327931326,0.045371459014647002
DG_DANN,24-16,X310,0.86436643161269089,0.8805456171735242,0.86668001164658826,0.023446692229783302
DG_DANN,24-5,X310,0.54159537472141661,0.65542655224634028,0.570309186352292,0.17358813098378389
DG_DANN,24-6,X310,0.85827468188905998,0.87379881656804737,0.85581881093629164,0.031059115455700701
DG_DANN,3-19,B210,0.59088369119083339,0.60817636986301371,0.60842634733352319,0.18728800562006251
DG_DANN,7-14,N210,0.74694135793430461,0.75761986301369855,0.75769303536958432,0.13920147497308991
DG_DANN,7-7,N210,0.89285955104623727,0.89897260273972601,0.89910760030573478,0.050667425997759301
DG_DANN,8-14,B210,0.69997027769942255,0.70821917808219181,0.70818823541217335,0.1171180161979202
DG_DANN,8-7,B210,0.8278058393312584,0.82769691780821919,0.82764680602290353,0.061776575596033403
DG_DANN,8-8,N210,0.88862047431067881,0.89130993150684934,0.89106437157924179,0.035881712797977999
DG_GROUPDRO,1-1,N210,0.75960619773822091,0.76755136986301375,0.7675879841999903,0.081297338900015906
DG_GROUPDRO,1-19,N210,0.6722330692885542,0.67123287671232879,0.67102044811815154,0.17261523716406871
DG_GROUPDRO,1-20,N210,0.74134671427140331,0.76738013698630136,0.76738225472774135,0.0790815641236019
DG_GROUPDRO,13-14,B210,0.63163367024239037,0.67261484098939928,0.67909718616078818,0.1552209994752394
DG_GROUPDRO,13-7,B210,0.79759629236537588,0.79674657534246573,0.79659904151851901,0.0549201006605608
DG_GROUPDRO,14-7,N210,0.82284906785919054,0.8297517123287671,0.83014464613035899,0.048939298492639401
DG_GROUPDRO,18-19,B210,0.79454094073059234,0.79713184931506853,0.79692766420592387,0.0587970571994322
DG_GROUPDRO,18-2,B210,0.70821456165620389,0.74250856164383561,0.74155012676257592,0.093143833008888094
DG_GROUPDRO,19-1,N210,0.69517893815388543,0.70325342465753427,0.70296669116638344,0.1243709690932643
DG_GROUPDRO,19-19,N210,0.80665465562496563,0.81810787671232865,0.81825775123271105,0.072175065710604697
DG_GROUPDRO,19-2,N210,0.75185344519519415,0.75479452054794516,0.7550747783776226,0.079763725329164897
DG_GROUPDRO,19-20,N210,0.74794775827112869,0.75706618962432914,0.7663942080846341,0.1193185615005081
DG_GROUPDRO,2-1,N210,0.75385309210627605,0.76087328767123297,0.76084708974546722,0.10655595854065079
DG_GROUPDRO,2-19,N210,0.80150731281578458,0.81690924657534247,0.81686028315336068,0.058812612432935403
DG_GROUPDRO,20-1,N210,0.86552165845874751,0.86472602739726023,0.8648621554383894,0.056119245560584501
DG_GROUPDRO,20-19,N210,0.80536252484767135,0.81836472602739718,0.8183719751681362,0.070050770368375898
DG_GROUPDRO,20-20,N210,0.72933443559092148,0.74494863013698631,0.74498863489282319,0.11669472986704681
DG_GROUPDRO,23-1,X310,0.88304214066669395,0.88497431506849311,0.88503619281337609,0.0227836501701696
DG_GROUPDRO,23-3,X310,0.83178488536096373,0.84242294520547945,0.84244605344361556,0.048702888017239598
DG_GROUPDRO,23-5,X310,0.7644744007369827,0.76999143835616435,0.77018066059391621,0.071668263409950098
DG_GROUPDRO,23-6,X310,0.89152816755557518,0.90175513698630139,0.90169239585915939,0.031014676772899999
DG_GROUPDRO,23-7,X310,0.6779903791566082,0.71292808219178083,0.71269365049046185,0.1767790817464254
DG_GROUPDRO,24-13,X310,0.78885281735062152,0.82978533094812157,0.80555044052906732,0.035288739224399297
DG_GROUPDRO,24-16,X310,0.82160926550255398,0.83582289803220033,0.82586567849670534,0.036952887548130302
DG_GROUPDRO,24-5,X310,0.5482271887227852,0.65825340737001514,0.57273212434682441,0.13517561360313571
DG_GROUPDRO,24-6,X310,0.8526791322554923,0.86598816568047332,0.85550453877448618,0.0188221172672756
DG_GROUPDRO,3-19,B210,0.67645009640010234,0.68741438356164386,0.68747169406879283,0.094040045242960696
DG_GROUPDRO,7-14,N210,0.67822047179612421,0.69644691780821921,0.69655174848223989,0.16221771247442551
DG_GROUPDRO,7-7,N210,0.83569019774236275,0.84101027397260286,0.84105270298919732,0.054782010713107301
DG_GROUPDRO,8-14,B210,0.65423041187828734,0.66926369863013702,0.6693334635667354,0.14202520908685781
DG_GROUPDRO,8-7,B210,0.76436646428599753,0.77174657534246571,0.77169457227266369,0.082178657365426996
DG_GROUPDRO,8-8,N210,0.82175421891935641,0.82863869863013695,0.82844051658667239,0.042032079437543397
P0,1-1,N210,0.79442104962019144,0.80188356164383556,0.80176596743656459,0.099111442048459703
P0,1-19,N210,0.70800310395594201,0.70988869863013693,0.70959011469923561,0.18685141208849529
P0,1-20,N210,0.80324901185296971,0.82024828767123292,0.82027134106958088,0.073148578265043895
P0,13-14,B210,0.72087136321105416,0.74447879858657251,0.74899958686737023,0.1210009354426666
P0,13-7,B210,0.82490939468285218,0.82512842465753411,0.82507530416657782,0.066123222848017596
P0,14-7,N210,0.87278664370357362,0.87444349315068481,0.87474125299984318,0.058826463050145099
P0,18-19,B210,0.81158472013311633,0.81309931506849309,0.81297007642169172,0.076414305392703705
P0,18-2,B210,0.76091954825249886,0.7891695205479452,0.78836935402733821,0.1005691598386388
P0,19-1,N210,0.76728853978399592,0.7700770547945206,0.76989593637372145,0.1266059311336441
P0,19-19,N210,0.8589113654266376,0.86934931506849311,0.86938423405877696,0.058767470936864998
P0,19-2,N210,0.81541722895604207,0.81862157534246582,0.81863547735273978,0.074248765828725694
P0,19-20,N210,0.78887676596721845,0.79503577817531312,0.80312698290820461,0.11923627985344799
P0,2-1,N210,0.78154363506858171,0.79238013698630139,0.79221371337768276,0.13882345045368141
P0,2-19,N210,0.85598621425468091,0.86532534246575332,0.8651606684338784,0.065121509460094401
P0,20-1,N210,0.91501947701706621,0.91391267123287678,0.91388629829413204,0.033083731473155499
P0,20-19,N210,0.88403352231926369,0.89336472602739714,0.89344394555565887,0.051874931166841498
P0,20-20,N210,0.76417733001845956,0.77966609589041092,0.77978220392525133,0.11428691828495829
P0,23-1,X310,0.91508776817809323,0.91656678082191778,0.91662589938881278,0.020443905643761501
P0,23-3,X310,0.85599761739635982,0.86802226027397256,0.8679780452247321,0.057067734474469299
P0,23-5,X310,0.82413830439104707,0.83364726027397251,0.83378918116544387,0.078992533618073901
P0,23-6,X310,0.90121397729402442,0.91134417808219159,0.91132078149527718,0.041907665888102602
P0,23-7,X310,0.70936423956153249,0.73591609589041096,0.73583886837661638,0.1825921266671422
P0,24-13,X310,0.82523764999237892,0.86046511627906974,0.83765680256596808,0.050968877862545697
P0,24-16,X310,0.88434556945466958,0.89695885509839002,0.88407740826046199,0.020716835487107399
P0,24-5,X310,0.55980637660946408,0.67450782433114598,0.58750858605826028,0.17641338381666169
P0,24-6,X310,0.88440041883574394,0.89571597633136091,0.8879238088853505,0.024535112750600701
P0,3-19,B210,0.61745008455773998,0.62816780821917806,0.62825055492217063,0.19727842564222539
P0,7-14,N210,0.76232332390249513,0.77037671232876714,0.77049334990022922,0.1366141062848627
P0,7-7,N210,0.89088134186602663,0.8975171232876713,0.89764122784403677,0.053145202190602397
P0,8-14,B210,0.70599211684304775,0.71284246575342469,0.71269749398181759,0.12875212296486299
P0,8-7,B210,0.82481160810425569,0.82589897260273981,0.82589765979080154,0.066239216533323597
P0,8-8,N210,0.89266284568475351,0.89657534246575332,0.89630564517153632,0.043464311241644203
P0_WIDE,1-1,N210,0.81497060293171519,0.81750856164383556,0.81746705713299084,0.1000679726788952
P0_WIDE,1-19,N210,0.71324963332874991,0.7171232876712329,0.71705725267097287,0.2135398299031418
P0_WIDE,1-20,N210,0.83381999008154573,0.844734589041096,0.84472457006863633,0.069031747167751303
P0_WIDE,13-14,B210,0.67529083277106017,0.71148409893992937,0.71679680881560526,0.1614998322065801
P0_WIDE,13-7,B210,0.82268937308956924,0.8230308219178083,0.8229725988495693,0.064131906721102999
P0_WIDE,14-7,N210,0.86481606629230401,0.86643835616438358,0.86678916167879783,0.081440047186811998
P0_WIDE,18-19,B210,0.81353786011941609,0.81506849315068486,0.81485181515370186,0.087688822095116498
P0_WIDE,18-2,B210,0.78778070202651418,0.80997431506849316,0.8092836855612402,0.093619748148174003
P0_WIDE,19-1,N210,0.77242446576606127,0.77345890410958906,0.77346025361385318,0.13689462568368499
P0_WIDE,19-19,N210,0.85043008477949233,0.86558219178082185,0.86561048952904507,0.078367520344430702
P0_WIDE,19-2,N210,0.85146189361435864,0.85445205479452058,0.85448269297740931,0.063881152994573406
P0_WIDE,19-20,N210,0.7390066052654588,0.75178890876565296,0.76145486264086792,0.17410656005570621
P0_WIDE,2-1,N210,0.81168962261262101,0.81665239726027394,0.81658200092014643,0.1108058864467662
P0_WIDE,2-19,N210,0.84858355546499042,0.85620719178082183,0.85614958763210736,0.081053449695751206
P0_WIDE,20-1,N210,0.91535395357507876,0.91459760273972601,0.91458299634794882,0.039375414022512302
P0_WIDE,20-19,N210,0.89197360434519002,0.89970034246575348,0.89970946895486426,0.054691930950223698
P0_WIDE,20-20,N210,0.74236600049291401,0.75817636986301373,0.7582538925762452,0.13033430072963739
P0_WIDE,23-1,X310,0.90659969236662397,0.90847602739726019,0.90855539098858817,0.039979537083984197
P0_WIDE,23-3,X310,0.80575916045207285,0.82581335616438345,0.82583563054360343,0.0992976852998851
P0_WIDE,23-5,X310,0.83016969223659465,0.83814212328767135,0.83825369877529643,0.072345645410608297
P0_WIDE,23-6,X310,0.88681127545934202,0.89948630136986307,0.89952943421778409,0.0602712687583358
P0_WIDE,23-7,X310,0.72396392170118962,0.75218321917808217,0.75212145211739667,0.18217345647998659
P0_WIDE,24-13,X310,0.82793844864757316,0.8634615384615385,0.84018500481184721,0.050832632499911899
P0_WIDE,24-16,X310,0.84393493847105527,0.86158318425760283,0.84630300420055915,0.036930201297262599
P0_WIDE,24-5,X310,0.55541216104944291,0.67526501766784452,0.58458842749474016,0.17896782957291971
P0_WIDE,24-6,X310,0.89322214599576844,0.90295857988165684,0.89532966361065447,0.031083693247574901
P0_WIDE,3-19,B210,0.57482501523259111,0.59460616438356162,0.59471018266034581,0.22562431730585139
P0_WIDE,7-14,N210,0.76309305256132487,0.77482876712328763,0.77478095336686814,0.13935903674310501
P0_WIDE,7-7,N210,0.90932548785837963,0.91284246575342465,0.91288976494920138,0.050508266740975999
P0_WIDE,8-14,B210,0.67169958058949186,0.6877140410958904,0.68743278001074726,0.15606315088050099
P0_WIDE,8-7,B210,0.82630686328642278,0.8270976027397261,0.82704133628168608,0.070306250958205793
P0_WIDE,8-8,N210,0.88060680937744229,0.88420376712328763,0.88403815792934071,0.056509340614437499
P1,1-1,N210,0.84712657876217679,0.84730308219178085,0.84718300544367708,0.087954768245044501
P1,1-19,N210,0.71646563739321201,0.71994863013698629,0.71976831427743215,0.218680535230071
P1,1-20,N210,0.86618817903949608,0.87273116438356158,0.87268755032392709,0.0583569698443967
P1,13-14,B210,0.73835550806606454,0.75874558303886919,0.76284321997415394,0.1181734375905758
P1,13-7,B210,0.79914010066142649,0.80029965753424648,0.80015654950390491,0.088253253794032704
P1,14-7,N210,0.85098777591434893,0.85299657534246587,0.85329983382008812,0.093655441427118402
P1,18-19,B210,0.81758389633999007,0.81810787671232865,0.81796368151641641,0.089920986565595301
P1,18-2,B210,0.77983557285036142,0.8056078767123287,0.80473258758494703,0.10098641761514821
P1,19-1,N210,0.76126242030112734,0.76258561643835621,0.76241952888866837,0.15667739071475001
P1,19-19,N210,0.83029656308933286,0.85072773972602744,0.85080438532890545,0.088323531630257496
P1,19-2,N210,0.82781880882087822,0.83112157534246567,0.83118190037230266,0.087236367157111805
P1,19-20,N210,0.75237172562466215,0.76059928443649372,0.76970279141652564,0.17218840821764439
P1,2-1,N210,0.80519801058274632,0.80894691780821915,0.80891607059496684,0.1409183929023676
P1,2-19,N210,0.87993946872829176,0.88638698630136992,0.88636732239049676,0.066594973651768696
P1,20-1,N210,0.92201005032374084,0.92238869863013695,0.92243452465211517,0.042596948838295103
P1,20-19,N210,0.85720316490804271,0.87234589041095878,0.8724102425647059,0.080488226708177693
P1,20-20,N210,0.75435484594809332,0.76964897260273968,0.76968233654111273,0.1434714805972698
P1,23-1,X310,0.9084665266160844,0.90963184931506835,0.90964283959752357,0.049838022358894098
P1,23-3,X310,0.86602190503819743,0.87577054794520548,0.87576118326490193,0.066877387881865799
P1,23-5,X310,0.82045980993956924,0.82769691780821919,0.8276629348381821,0.095825785077623404
P1,23-6,X310,0.90794230504094642,0.91502568493150682,0.91508380936943201,0.053709313101198898
P1,23-7,X310,0.74509643635279277,0.76853595890410964,0.76840508085656489,0.18125590446775089
P1,24-13,X310,0.84378739237295564,0.86659212880143122,0.84854375216703226,0.054919151357360002
P1,24-16,X310,0.82944196970899076,0.84843470483005368,0.83277860190019548,0.057714711178980402
P1,24-5,X310,0.56274729275194868,0.67435638566380618,0.58179649157773128,0.19064516786566771
P1,24-6,X310,0.88800919459522343,0.8986508875739645,0.89665703318472079,0.043790418530356902
P1,3-19,B210,0.59681760733614142,0.60535102739726032,0.60536529063208777,0.2276969844832607
P1,7-14,N210,0.77996317346998667,0.78630136986301369,0.78627138285344156,0.1507404393688711
P1,7-7,N210,0.90052613989472474,0.90282534246575363,0.90288272489229515,0.061620915977105603
P1,8-14,B210,0.6872877746232422,0.69944349315068499,0.69928068174502611,0.1505031714515683
P1,8-7,B210,0.83344644668432988,0.83334760273972608,0.83332556862886142,0.066485177389384198
P1,8-8,N210,0.92414449196067638,0.92538527397260284,0.92526551727271278,0.038532555369940803
P2,1-1,N210,0.82693052876656148,0.82769691780821919,0.82771033662133076,0.096860942887525003
P2,1-19,N210,0.72127481359086487,0.72354452054794527,0.72328006606919448,0.2203415662330919
P2,1-20,N210,0.85681342945743144,0.86348458904109582,0.86338012098514305,0.069913956524217294
P2,13-14,B210,0.72115781276691282,0.73922261484098939,0.7437754411876073,0.13040528779342611
P2,13-7,B210,0.81156181831805463,0.81177226027397253,0.81154952850971485,0.084330881687442405
P2,14-7,N210,0.85437475192250445,0.85616438356164382,0.8564020945344073,0.085638989920230293
P2,18-19,B210,0.82332774198908143,0.82422945205479459,0.8240487706523133,0.090928144996016105
P2,18-2,B210,0.80205395351704367,0.8214041095890412,0.82070029673496125,0.096535496655468803
P2,19-1,N210,0.75871557281678637,0.75453767123287663,0.75439926535916701,0.16784752731160449
P2,19-19,N210,0.82047199553367633,0.84096746575342463,0.84103540323692927,0.106195830600974
P2,19-2,N210,0.8011520247371573,0.80556506849315068,0.80565564061166373,0.10851897157741421
P2,19-20,N210,0.77833288899108344,0.78327370304114496,0.79148774738985617,0.1616920908456517
P2,2-1,N210,0.79349145357958828,0.79396404109589036,0.79407485392921018,0.14135177421115641
P2,2-19,N210,0.85699509663450546,0.86434075342465755,0.86419447860495635,0.0816030844688823
P2,20-1,N210,0.92790797830776039,0.92735445205479439,0.92735272420758164,0.032082149911391099
P2,20-19,N210,0.84601161982438433,0.85984589041095882,0.85993734947489409,0.089261040756198201
P2,20-20,N210,0.78209833894845526,0.79160958904109591,0.79167867102394829,0.1268910233403415
P2,23-1,X310,0.91406861967814224,0.91485445205479443,0.91478255976772482,0.051419036083995
P2,23-3,X310,0.84629827378276867,0.85907534246575357,0.85906034546026722,0.077442000427423496
P2,23-5,X310,0.80596082526463275,0.81558219178082181,0.81574432572410616,0.1021970408636923
P2,23-6,X310,0.91600536827962975,0.92273116438356162,0.92280775440697305,0.049364298499150999
P2,23-7,X310,0.74763495147209336,0.7654109589041096,0.76523396928611953,0.17411395618181719
P2,24-13,X310,0.85527586059455929,0.88139534883720927,0.86125921341738521,0.052545656421103398
P2,24-16,X310,0.85240216974773231,0.87455277280858679,0.85691104405635787,0.042798703089889499
P2,24-5,X310,0.57651219110825269,0.68202927814235237,0.60207441551897634,0.19664718230329689
P2,24-6,X310,0.88847227471246926,0.89869822485207107,0.89632355289872767,0.047829604711052798
P2,3-19,B210,0.60535311148648485,0.61365582191780832,0.61338885668608856,0.2403828682741532
P2,7-14,N210,0.75473537527274215,0.76626712328767121,0.76633651599327668,0.168019399430271
P2,7-7,N210,0.89083391716674709,0.89499143835616446,0.89496612058647051,0.072014773666399301
P2,8-14,B210,0.67856928431419394,0.68981164383561633,0.68975321436806081,0.15611734968444249
P2,8-7,B210,0.81515364473660479,0.81498287671232872,0.8149698970635022,0.090425683397876197
P2,8-8,N210,0.88527792387607263,0.89109589041095882,0.89088570688784829,0.054208975137300601
P2_MISMATCHED_RX,1-1,N210,0.81297422845917477,0.81361301369863015,0.81365740031365097,0.10637700325643561
P2_MISMATCHED_RX,1-19,N210,0.70322902269851773,0.7043664383561643,0.70423007128828696,0.2354917850957749
P2_MISMATCHED_RX,1-20,N210,0.81141787530754994,0.82953767123287681,0.82933612465680118,0.098478805595268795
P2_MISMATCHED_RX,13-14,B210,0.67573634077204559,0.70817137809187281,0.71372435397028233,0.16998137113220271
P2_MISMATCHED_RX,13-7,B210,0.80811233980160702,0.80800513698630139,0.80784865072717493,0.089577196298600795
P2_MISMATCHED_RX,14-7,N210,0.83455347840729499,0.83818493150684925,0.83845407508089775,0.1007578122633674
P2_MISMATCHED_RX,18-19,B210,0.80622936090933384,0.80834760273972606,0.80818404030090552,0.098490564992064406
P2_MISMATCHED_RX,18-2,B210,0.77374288204544184,0.8035958904109588,0.80280333343085464,0.1158101593578004
P2_MISMATCHED_RX,19-1,N210,0.74556808781116868,0.74246575342465748,0.74230282076314158,0.18311572204509821
P2_MISMATCHED_RX,19-19,N210,0.80930310555401075,0.83266267123287674,0.83275902785017597,0.11137426446817091
P2_MISMATCHED_RX,19-2,N210,0.76182697215635919,0.76412671232876705,0.76446457978256954,0.14522038403554011
P2_MISMATCHED_RX,19-20,N210,0.76177211956532753,0.77133273703041139,0.78000452999146896,0.17079126633277189
P2_MISMATCHED_RX,2-1,N210,0.77669031341188111,0.77889554794520544,0.77900674346068011,0.1581363958765892
P2_MISMATCHED_RX,2-19,N210,0.84112276174568168,0.85047089041095902,0.85037445603322115,0.097589297908396502
P2_MISMATCHED_RX,20-1,N210,0.90493637680433836,0.90415239726027397,0.90417856123522478,0.049596405334847098
P2_MISMATCHED_RX,20-19,N210,0.82535499287341652,0.84143835616438367,0.84151897059031655,0.1041145004523433
P2_MISMATCHED_RX,20-20,N210,0.75339956131537966,0.76793664383561633,0.76811120275564593,0.14518245091942469
P2_MISMATCHED_RX,23-1,X310,0.89838938285277425,0.90038527397260282,0.90035730312876405,0.061976533617875203
P2_MISMATCHED_RX,23-3,X310,0.81432606041640732,0.83279109589041089,0.8328098877207184,0.097435393872708997
P2_MISMATCHED_RX,23-5,X310,0.79384178427174001,0.80205479452054784,0.80227732601019319,0.11073479954893251
P2_MISMATCHED_RX,23-6,X310,0.90648811319072964,0.91605308219178083,0.9161480072330116,0.055590624350748102
P2_MISMATCHED_RX,23-7,X310,0.69976783434884626,0.73390410958904106,0.73382356433279361,0.21285332732336359
P2_MISMATCHED_RX,24-13,X310,0.84793082359002125,0.87830948121645791,0.85648162606899803,0.058081817326397403
P2_MISMATCHED_RX,24-16,X310,0.85409923350244732,0.87039355992844369,0.85594601461770148,0.0413732170572167
P2_MISMATCHED_RX,24-5,X310,0.56650014224037037,0.67900050479555785,0.59518609993556704,0.2002724420709901
P2_MISMATCHED_RX,24-6,X310,0.85260204800921302,0.86982248520710059,0.84939500262482048,0.059892857430954599
P2_MISMATCHED_RX,3-19,B210,0.59237783324623883,0.60599315068493154,0.60580727435806836,0.2513861885243287
P2_MISMATCHED_RX,7-14,N210,0.73738603045284823,0.76065924657534245,0.76073672986597951,0.17759424083585501
P2_MISMATCHED_RX,7-7,N210,0.89100071767661981,0.89503424657534247,0.89505605527255194,0.074622485516209994
P2_MISMATCHED_RX,8-14,B210,0.64652405295620274,0.6706763698630136,0.67069720563949453,0.1839982371955905
P2_MISMATCHED_RX,8-7,B210,0.79795915830063968,0.80299657534246582,0.80297567016760585,0.099657500048537906
P2_MISMATCHED_RX,8-8,N210,0.88166827725471908,0.88912671232876705,0.88890454024633458,0.054168689393833798
P2_NULL,1-1,N210,0.8173988989819847,0.81892123287671237,0.81907410071358355,0.080084308143704999
P2_NULL,1-19,N210,0.71134268865732342,0.71412671232876712,0.71378788940946347,0.2133897265961571
P2_NULL,1-20,N210,0.80277271896344171,0.81926369863013693,0.81915111619846681,0.091646871984336603
P2_NULL,13-14,B210,0.66242322041755908,0.6978356890459364,0.70339503869252362,0.15395122318538459
P2_NULL,13-7,B210,0.81173699438174851,0.81190068493150691,0.81174758035613548,0.054126432744071598
P2_NULL,14-7,N210,0.83566176351172383,0.83925513698630139,0.83953783351346656,0.079318704690835198
P2_NULL,18-19,B210,0.80817517615120538,0.81035958904109595,0.81003291018956958,0.077497140520367006
P2_NULL,18-2,B210,0.76176739219387601,0.78878424657534241,0.78803561949906453,0.1027080534440656
P2_NULL,19-1,N210,0.74729772674169292,0.74195205479452053,0.7418427257670428,0.1613670623319044
P2_NULL,19-19,N210,0.81627823400263289,0.83548801369863013,0.83564023832773804,0.086848566330943802
P2_NULL,19-2,N210,0.7608673202786973,0.76292808219178077,0.76328603895498781,0.1300367463195109
P2_NULL,19-20,N210,0.75953320309044614,0.76896243291592126,0.77798067819397843,0.1543173717178257
P2_NULL,2-1,N210,0.78595720996850105,0.78784246575342465,0.78795428501705422,0.13092466895723681
P2_NULL,2-19,N210,0.8122228238253989,0.82440068493150687,0.82429743889978524,0.1075464073173088
P2_NULL,20-1,N210,0.88136206325602762,0.88223458904109597,0.88224016934392291,0.061057177415653301
P2_NULL,20-19,N210,0.82810484193545952,0.84507705479452055,0.84511147161540356,0.091298887162303402
P2_NULL,20-20,N210,0.76885994574504501,0.77923801369863011,0.77935384656423623,0.11123663324811681
P2_NULL,23-1,X310,0.90190329865333685,0.90308219178082183,0.9029865122790236,0.046982208894540099
P2_NULL,23-3,X310,0.81948546471552819,0.83908390410958911,0.83906959758512267,0.073003214162659494
P2_NULL,23-5,X310,0.74670165939469468,0.76442636986301371,0.76474061087805123,0.12471529538998349
P2_NULL,23-6,X310,0.90709171488114437,0.9163527397260276,0.91644022350227883,0.046021661333969302
P2_NULL,23-7,X310,0.69897468988829314,0.73120719178082194,0.73109967063201708,0.19835145350622191
P2_NULL,24-13,X310,0.83507997794378497,0.8723166368515205,0.84807336433164693,0.0402121712855181
P2_NULL,24-16,X310,0.83021184660269631,0.85532200357781751,0.83798983141080507,0.038840201934249599
P2_NULL,24-5,X310,0.55421080456179428,0.67304391721352852,0.58146002465401758,0.18131833562927371
P2_NULL,24-6,X310,0.84321376441672591,0.8526390532544379,0.8480067195506249,0.066534187273866202
P2_NULL,3-19,B210,0.5798602112944381,0.59041095890410955,0.59026579210758234,0.2190224418977964
P2_NULL,7-14,N210,0.73810188774006125,0.76095890410958911,0.76102797810519551,0.1629383581390681
P2_NULL,7-7,N210,0.88252182232808418,0.88891267123287676,0.88897616603323149,0.072861514956856194
P2_NULL,8-14,B210,0.66375228760284943,0.68052226027397267,0.68055650514102983,0.13318395236162589
P2_NULL,8-7,B210,0.80644408189160599,0.80779109589041087,0.80780599005099951,0.076847566030153996
P2_NULL,8-8,N210,0.86419699679651063,0.86999143835616444,0.86973089704672391,0.052767825434111799
P2_SHUFFLED,1-1,N210,0.81841699193458128,0.81849315068493156,0.81852058660054294,0.1037442659027874
P2_SHUFFLED,1-19,N210,0.70019441420649042,0.70021404109589036,0.69994655845758624,0.23522675433770221
P2_SHUFFLED,1-20,N210,0.82650246923155546,0.8403253424657533,0.84023477571147343,0.091515945375909694
P2_SHUFFLED,13-14,B210,0.6608653304785792,0.6989840989399293,0.70490317043770367,0.17983449609956759
P2_SHUFFLED,13-7,B210,0.80809238691673113,0.80877568493150687,0.80866802091467238,0.087607219320887705
P2_SHUFFLED,14-7,N210,0.83963200052884823,0.84267979452054786,0.84295654640188666,0.097930714657708695
P2_SHUFFLED,18-19,B210,0.81118932216789053,0.81275684931506853,0.81258545889373779,0.098218456092481796
P2_SHUFFLED,18-2,B210,0.7662991007869463,0.80029965753424648,0.79950701358638254,0.1217264335749236
P2_SHUFFLED,19-1,N210,0.73570108287730196,0.734375,0.73426433373256594,0.1885488016479839
P2_SHUFFLED,19-19,N210,0.8121109353879179,0.83578767123287678,0.83592395921509444,0.11027647871396511
P2_SHUFFLED,19-2,N210,0.764738454004253,0.76729452054794511,0.76757890426536468,0.1406298068907009
P2_SHUFFLED,19-20,N210,0.76264481100214421,0.77267441860465114,0.781366635319382,0.1711735132115364
P2_SHUFFLED,2-1,N210,0.78325823355966229,0.78527397260273968,0.78533761411348479,0.15218685066378479
P2_SHUFFLED,2-19,N210,0.84249601940168439,0.85098458904109597,0.85086238529215152,0.095598461429192899
P2_SHUFFLED,20-1,N210,0.90623847461278417,0.90560787671232879,0.90564796057186103,0.0515338219223824
P2_SHUFFLED,20-19,N210,0.8240495609037245,0.84088184931506849,0.84096850109769861,0.1067711289780698
P2_SHUFFLED,20-20,N210,0.75808206886958796,0.77264554794520546,0.77281933897647515,0.14409661546719499
P2_SHUFFLED,23-1,X310,0.90513584725937901,0.90650684931506842,0.90648398537140285,0.056951704232200702
P2_SHUFFLED,23-3,X310,0.80803371153512804,0.83133561643835618,0.83132832337897933,0.101111155454299
P2_SHUFFLED,23-5,X310,0.80111838004603564,0.80980308219178077,0.80998768588885173,0.1040853617221678
P2_SHUFFLED,23-6,X310,0.90537220551199682,0.91506849315068484,0.91514727832639275,0.0558219104227035
P2_SHUFFLED,23-7,X310,0.70362511050244736,0.73685787671232883,0.73678437846544442,0.2113943695498961
P2_SHUFFLED,24-13,X310,0.84969685343358903,0.8793381037567084,0.85773859605677849,0.053445984814349298
P2_SHUFFLED,24-16,X310,0.84852182727727055,0.87084078711985691,0.85335541906473045,0.043176055755566101
P2_SHUFFLED,24-5,X310,0.56285419695961314,0.68107016658253405,0.59256490330848555,0.2019719896301182
P2_SHUFFLED,24-6,X310,0.86530779070239583,0.88009467455621304,0.86352308001117373,0.053061556281422603
P2_SHUFFLED,3-19,B210,0.59140255781272821,0.6042808219178083,0.6040238048316291,0.252644767072562
P2_SHUFFLED,7-14,N210,0.74488872341927592,0.7645976027397261,0.76464723696783776,0.17253336000115899
P2_SHUFFLED,7-7,N210,0.88878543329043003,0.89293664383561633,0.89292733038646621,0.075432328944898097
P2_SHUFFLED,8-14,B210,0.65091262578453013,0.67148972602739732,0.67144362684743242,0.17985377571647601
P2_SHUFFLED,8-7,B210,0.79757198407057417,0.80136986301369861,0.80130260805206643,0.10108307778248431
P2_SHUFFLED,8-8,N210,0.88385229850586544,0.89006849315068481,0.88986887579587692,0.053452179544566998
RX_NORM,1-1,N210,0.78628073432280154,0.79126712328767124,0.79118537753715745,0.10633851091747409
RX_NORM,1-19,N210,0.7137261797392036,0.71357020547945205,0.71337900377674468,0.18927728250903419
RX_NORM,1-20,N210,0.77845349495509952,0.80205479452054784,0.8020559359258167,0.1011371937924867
RX_NORM,13-14,B210,0.66225863848887356,0.69456713780918722,0.70046573034561843,0.1637464993426003
RX_NORM,13-7,B210,0.81293628473970814,0.8135273972602739,0.81348811347000838,0.081802827436859599
RX_NORM,14-7,N210,0.89015864588018689,0.89118150684931519,0.89142747290016988,0.043541853117105803
RX_NORM,18-19,B210,0.81612145077800835,0.81746575342465755,0.81730139430400539,0.083818494867252694
RX_NORM,18-2,B210,0.76340052914903134,0.78886986301369855,0.78812367567574693,0.099621042808237095
RX_NORM,19-1,N210,0.76251040386865332,0.76934931506849313,0.76926817927630542,0.11366663201750341
RX_NORM,19-19,N210,0.85903495472654678,0.87285958904109595,0.87295025866756382,0.061123501957228203
RX_NORM,19-2,N210,0.81786275174900747,0.82007705479452064,0.82021346845025001,0.073638863366556395
RX_NORM,19-20,N210,0.78519277716568792,0.79490161001788917,0.80299479257979234,0.11747151778774299
RX_NORM,2-1,N210,0.81017228250770734,0.82071917808219175,0.82060265149839906,0.1170572798979812
RX_NORM,2-19,N210,0.84141876716473851,0.85325342465753418,0.85317946935438849,0.070282951349469006
RX_NORM,20-1,N210,0.92554594402651524,0.92470034246575339,0.92475538827767456,0.028110854515856799
RX_NORM,20-19,N210,0.89014227546764368,0.89674657534246582,0.89681050791050354,0.043617427685897499
RX_NORM,20-20,N210,0.76921869716334257,0.78484589041095887,0.78484190981315327,0.1115827252558903
RX_NORM,23-1,X310,0.8982402264514544,0.90038527397260282,0.90043930058621202,0.031276887384791799
RX_NORM,23-3,X310,0.82550561392712518,0.84186643835616448,0.84181114342682495,0.077685373147617795
RX_NORM,23-5,X310,0.81134254438411946,0.8224315068493151,0.82259858834092126,0.091200535819699793
RX_NORM,23-6,X310,0.89204986846795331,0.90419520547945198,0.90416767295773182,0.052884141217330302
RX_NORM,23-7,X310,0.72471810597421982,0.75012842465753427,0.75002076064657131,0.1724457958917299
RX_NORM,24-13,X310,0.83652507026615941,0.8721377459749553,0.8486743257675945,0.039079614118247903
RX_NORM,24-16,X310,0.84540652525301674,0.85800536672629701,0.84599609759144045,0.043332048365596301
RX_NORM,24-5,X310,0.55521440105697839,0.67264008076728921,0.58195075941256369,0.17631642863583161
RX_NORM,24-6,X310,0.8952523953274012,0.90575147928994082,0.89858724919646493,0.0208794340403121
RX_NORM,3-19,B210,0.61090103432208909,0.62170376712328768,0.62172973666065601,0.18681597771339931
RX_NORM,7-14,N210,0.75474898617049302,0.76755136986301375,0.76759352263654823,0.14073049632245541
RX_NORM,7-7,N210,0.89927491411659144,0.90342465753424639,0.90355110498215763,0.048379919116627597
RX_NORM,8-14,B210,0.68506186644967415,0.69597602739726017,0.69579036347197509,0.1358678335362202
RX_NORM,8-7,B210,0.82238983042673564,0.82401541095890407,0.82395571063133932,0.073807882550108603
RX_NORM,8-8,N210,0.88353675164704326,0.88664383561643834,0.88637341651949131,0.043985699316205898
SOURCE_NORM,1-1,N210,0.79442853817784775,0.7985017123287671,0.79843352869240758,0.1021899591723124
SOURCE_NORM,1-19,N210,0.71487798634403033,0.71485445205479459,0.71466787528272646,0.18721097676874421
SOURCE_NORM,1-20,N210,0.78637137476059615,0.80791952054794525,0.80789414173944429,0.093997249548157497
SOURCE_NORM,13-14,B210,0.69581282141933853,0.72067137809187276,0.72585972295153645,0.1397039364022942
SOURCE_NORM,13-7,B210,0.81747521263841028,0.81810787671232865,0.8180343113602524,0.062094873302195097
SOURCE_NORM,14-7,N210,0.89183332607893728,0.89285102739726019,0.89311494892399279,0.0418531757230831
SOURCE_NORM,18-19,B210,0.82101681399219673,0.82174657534246587,0.82163192692032538,0.077438692798940001
SOURCE_NORM,18-2,B210,0.76389074672700386,0.78908390410958906,0.7883338470274539,0.099290849739200798
SOURCE_NORM,19-1,N210,0.76403854013531147,0.77119006849315075,0.77111292410706278,0.11355147856058009
SOURCE_NORM,19-19,N210,0.86272315760503204,0.87641267123287681,0.87652228313360325,0.058801654747955102
SOURCE_NORM,19-2,N210,0.8178741463236856,0.82033390410958906,0.82045941758173346,0.0730767306361398
SOURCE_NORM,19-20,N210,0.78997409099312854,0.79950805008944548,0.8074486784346343,0.11551620147069359
SOURCE_NORM,2-1,N210,0.81166695723295379,0.82217465753424646,0.82205952306858432,0.11740260727780109
SOURCE_NORM,2-19,N210,0.85512241211106532,0.86588184931506851,0.86581673785940949,0.061841742533629
SOURCE_NORM,20-1,N210,0.92601324389228001,0.92517123287671243,0.92522940349140315,0.027968603976657701
SOURCE_NORM,20-19,N210,0.90320881401749897,0.90958904109589045,0.90966767800103765,0.0373086347570004
SOURCE_NORM,20-20,N210,0.77738212844566446,0.79036815068493149,0.79041969032084225,0.1033334083644647
SOURCE_NORM,23-1,X310,0.90564569623886004,0.90757705479452055,0.90765328916883659,0.027551108693754999
SOURCE_NORM,23-3,X310,0.82923376501705004,0.84554794520547938,0.84548636550928558,0.074560528582165997
SOURCE_NORM,23-5,X310,0.81428046091910633,0.82508561643835621,0.82524288726400674,0.089771196046486798
SOURCE_NORM,23-6,X310,0.89232901325042457,0.90458047945205478,0.90455645312320276,0.052456012868309601
SOURCE_NORM,23-7,X310,0.72534794777529066,0.75051369863013695,0.7504082170201285,0.17211165561481079
SOURCE_NORM,24-13,X310,0.83702662747807888,0.87240608228980321,0.84908501807019032,0.038485187753928299
SOURCE_NORM,24-16,X310,0.87186242579772344,0.88264758497316631,0.87095075845941883,0.0301580278426141
SOURCE_NORM,24-5,X310,0.55725838215419732,0.67390206966178701,0.58371342416905569,0.17588517944930709
SOURCE_NORM,24-6,X310,0.89514763536694253,0.90560946745562121,0.89812698519966061,0.021997226657246599
SOURCE_NORM,3-19,B210,0.61168257766386347,0.62183219178082194,0.62186330231512388,0.18554271743186321
SOURCE_NORM,7-14,N210,0.7555073205984395,0.76767979452054802,0.76772476513646892,0.13941824959131741
SOURCE_NORM,7-7,N210,0.90025870479371495,0.90432363013698625,0.90444546795699476,0.048106651023438501
SOURCE_NORM,8-14,B210,0.69308140221338044,0.70376712328767121,0.70359491684525666,0.1296706229575896
SOURCE_NORM,8-7,B210,0.82181656937806058,0.82358732876712326,0.82352561218256459,0.069233049274970704
SOURCE_NORM,8-8,N210,0.8870511744524856,0.88981164383561639,0.88954347348056184,0.041546779831437501
SUP_FT_128,1-1,N210,0.82125348223980443,0.82358732876712326,0.82355169951894625,0.077658668316084201
SUP_FT_128,1-19,N210,0.73623743112712925,0.73613013698630136,0.73607847003749971,0.1607141318233454
SUP_FT_128,1-20,N210,0.86018753347989951,0.86511130136986303,0.8651711728404734,0.038127118652711997
SUP_FT_128,13-14,B210,0.78188278711148329,0.79121024734982337,0.79435082407894053,0.082515075567175106
SUP_FT_128,13-7,B210,0.83649971430759928,0.83446061643835612,0.83445810291502043,0.054340848988177197
SUP_FT_128,14-7,N210,0.91479500037614836,0.9153681506849316,0.91549072780660157,0.028563685104097701
SUP_FT_128,18-19,B210,0.8209646219984732,0.82119006849315068,0.82121325147484792,0.067986735331583503
SUP_FT_128,18-2,B210,0.80456284304423209,0.81232876712328772,0.81192339951267967,0.063489619279535406
SUP_FT_128,19-1,N210,0.78823014390889612,0.78938356164383561,0.78935671026763155,0.1065553268979061
SUP_FT_128,19-19,N210,0.90211079513998882,0.90470890410958904,0.90477606963074642,0.0337288987440095
SUP_FT_128,19-2,N210,0.84231474084077296,0.84353595890410948,0.84357610912456538,0.055210995684339501
SUP_FT_128,19-20,N210,0.81559373012219949,0.81681574239713783,0.82389242410444008,0.098217519533975395
SUP_FT_128,2-1,N210,0.81721545787002725,0.81994863013698627,0.81986035858526041,0.10201272698093761
SUP_FT_128,2-19,N210,0.8984696554264191,0.90201198630137003,0.90191350734977238,0.0298468242386636
SUP_FT_128,20-1,N210,0.9301253053380808,0.92962328767123281,0.92964512559844281,0.016899924632161799
SUP_FT_128,20-19,N210,0.91566932920994637,0.91845034246575363,0.91848095022745924,0.027778454189992498
SUP_FT_128,20-20,N210,0.80615404766278898,0.81386986301369857,0.81399774742124009,0.078632672761298997
SUP_FT_128,23-1,X310,0.93251063049860483,0.93274828767123297,0.93283986406603725,0.0135312547294856
SUP_FT_128,23-3,X310,0.90811912189027721,0.91224315068493156,0.91223465955460836,0.023580342329630199
SUP_FT_128,23-5,X310,0.85322119439230271,0.85680650684931514,0.85689914111398779,0.057062034731194901
SUP_FT_128,23-6,X310,0.93608548630786115,0.93912671232876721,0.93911115243879517,0.017833419626400001
SUP_FT_128,23-7,X310,0.75675383818555331,0.7719178082191781,0.77188712791947434,0.13912360202521079
SUP_FT_128,24-13,X310,0.88116751218777734,0.89700357781753115,0.88211602022327118,0.022629447731194401
SUP_FT_128,24-16,X310,0.92023082356947439,0.9259391771019676,0.92069349195659878,0.016295702600841601
SUP_FT_128,24-5,X310,0.58346445085057319,0.69151943462897525,0.59914593827538631,0.15061582327189921
SUP_FT_128,24-6,X310,0.90627396244637404,0.91857988165680482,0.90670335966072879,0.016350244591221901
SUP_FT_128,3-19,B210,0.67964013948693758,0.68373287671232874,0.68390204745308758,0.1422881547763484
SUP_FT_128,7-14,N210,0.77992079226891031,0.78202054794520548,0.7821260028600262,0.12378070597498581
SUP_FT_128,7-7,N210,0.91064755527165242,0.9115154109589042,0.91162105698215223,0.032017611374772298
SUP_FT_128,8-14,B210,0.73795935083377162,0.73886986301369861,0.73903489936327815,0.1077621611843064
SUP_FT_128,8-7,B210,0.8316520029642126,0.8313784246575342,0.8314595222786767,0.057242022646744099
SUP_FT_128,8-8,N210,0.90866707895597876,0.9107020547945206,0.91053114737609864,0.032263613628759298
T3A,1-1,N210,0.81572552727709424,0.81789383561643836,0.81783690520389052,0.1037487555429186
T3A,1-19,N210,0.73772816891844717,0.74075342465753424,0.74038652570157615,0.080002052192129594
T3A,1-20,N210,0.84009485229178615,0.8494434931506849,0.84943234999762518,0.131096490100026
T3A,13-14,B210,0.7819718435251829,0.79531802120141348,0.79836686759306563,0.12885876652577311
T3A,13-7,B210,0.81678752182922543,0.81699486301369861,0.81686839379629306,0.064446767892892595
T3A,14-7,N210,0.91810756135033778,0.91845034246575363,0.91856223351010524,0.1159493529359005
T3A,18-19,B210,0.83092796823236204,0.83184931506849313,0.83161033477138901,0.1030976825891291
T3A,18-2,B210,0.78892914293225025,0.81134417808219172,0.8105446836006921,0.1002265111294459
T3A,19-1,N210,0.80085522709731705,0.80273972602739718,0.80255393455392665,0.082897416758669906
T3A,19-19,N210,0.91047866282486645,0.91271404109589038,0.91276523681167077,0.12574108660233849
T3A,19-2,N210,0.84213757669421585,0.84550513698630136,0.84545513058156485,0.1449990617053914
T3A,19-20,N210,0.7930201522330601,0.79745080500894461,0.80568497214915102,0.063598660333665097
T3A,2-1,N210,0.79766436006409269,0.80526541095890403,0.80514141227553115,0.046325449124999099
T3A,2-19,N210,0.87914387292576368,0.88660102739726021,0.88650142426340273,0.11856876844157491
T3A,20-1,N210,0.92632157907240897,0.92555650684931523,0.92554305890128741,0.1169407779006414
T3A,20-19,N210,0.9065219713781616,0.91292808219178079,0.91299603903937243,0.098080664526747602
T3A,20-20,N210,0.8000463922366835,0.80950342465753411,0.80954384294242809,0.094087543660672707
T3A,23-1,X310,0.92862415427483802,0.92962328767123281,0.92970735727176257,0.14754544775039971
T3A,23-3,X310,0.88250247995357189,0.88938356164383559,0.88936541062580399,0.071207393857663101
T3A,23-5,X310,0.84213015463046514,0.84910102739726023,0.84918798178040311,0.072189858845396707
T3A,23-6,X310,0.93204282265397542,0.93621575342465757,0.93618117930706957,0.088187866980107804
T3A,23-7,X310,0.72703264843023518,0.75582191780821917,0.75584547348471365,0.076242046251459195
T3A,24-13,X310,0.86727653491986101,0.89141323792486582,0.8723886748207077,0.13298838836122601
T3A,24-16,X310,0.945848686216052,0.94789803220035762,0.94928057127414878,0.20815890326376241
T3A,24-5,X310,0.60261207138127348,0.68480565371024738,0.65399955950949229,0.11670512231927151
T3A,24-6,X310,0.89545040070690796,0.90684023668639058,0.91250177176660296,0.12761089705856579
T3A,3-19,B210,0.70248257535507286,0.7108304794520548,0.71103797749857522,0.12593585903794591
T3A,7-14,N210,0.77921025101820396,0.782234589041096,0.78231480772859352,0.073468981227799102
T3A,7-7,N210,0.90306747744058558,0.907234589041096,0.90733303719886216,0.077545994876131105
T3A,8-14,B210,0.7340003443085189,0.73630136986301375,0.7362286510838375,0.076231435994451702
T3A,8-7,B210,0.83837010760961395,0.83745719178082179,0.83743195573676454,0.089128831682139795
T3A,8-8,N210,0.91103868016130962,0.91322773972602744,0.9129540990838988,0.092588255307573294
