protocol,seed,method,bounds,receiver_count,role,source_nll_after,source_nll_before,target_labels_used,temperature
receiver_loso_00,829,P0,"[0.05, 20]",3,source_validation,0.5332990058660627,0.6256767371030999,False,1.6738066050734828
receiver_loso_00,829,P2,"[0.05, 20]",3,source_validation,0.5516034237579189,0.7710542382892321,False,2.202919023208715
receiver_loso_00,829,T3A,"[0.05, 20]",3,source_validation,0.4607589426271428,0.5230764635477382,False,0.6475083136469069
receiver_loso_00,829,EMB_STD,"[0.05, 20]",3,source_validation,0.48826129048993466,0.6020913191497076,False,1.7967822624824101
receiver_loso_00,829,SAR_GN,"[0.05, 20]",3,source_validation,0.5332990058660627,0.6256767371030999,False,1.6738066050734828
receiver_loso_00,1829,P0,"[0.05, 20]",3,source_validation,0.5995700632980255,0.7335821050653618,False,1.8022931239194184
receiver_loso_00,1829,P2,"[0.05, 20]",3,source_validation,0.639588607502578,0.8119693433013982,False,1.9512171463121561
receiver_loso_00,1829,T3A,"[0.05, 20]",3,source_validation,0.5119213379631794,0.5532830902550417,False,0.7100120376722657
receiver_loso_00,1829,EMB_STD,"[0.05, 20]",3,source_validation,0.5828711980846716,0.7671419081175076,False,1.9813391486371197
receiver_loso_00,1829,SAR_GN,"[0.05, 20]",3,source_validation,0.5995700632980255,0.7335821050653618,False,1.8022931239194184
receiver_loso_00,2829,P0,"[0.05, 20]",3,source_validation,0.5471166392581787,0.6225160774926218,False,1.5779254451444051
receiver_loso_00,2829,P2,"[0.05, 20]",3,source_validation,0.5817421123965257,0.7044701874325326,False,1.7880942648595894
receiver_loso_00,2829,T3A,"[0.05, 20]",3,source_validation,0.4627231901049979,0.5014231687773876,False,0.7156247078483403
receiver_loso_00,2829,EMB_STD,"[0.05, 20]",3,source_validation,0.5205471651687348,0.6229708154244834,False,1.716258773417136
receiver_loso_00,2829,SAR_GN,"[0.05, 20]",3,source_validation,0.546990403865757,0.6223667806943398,False,1.5778241726776199
receiver_loso_00,3829,P0,"[0.05, 20]",3,source_validation,0.5561755397242059,0.6277593725294063,False,1.5772325018631888
receiver_loso_00,3829,P2,"[0.05, 20]",3,source_validation,0.5334125794571188,0.6012537545628911,False,1.5619907776922966
receiver_loso_00,3829,T3A,"[0.05, 20]",3,source_validation,0.503862647984363,0.5941803913982829,False,0.5959620637815409
receiver_loso_00,3829,EMB_STD,"[0.05, 20]",3,source_validation,0.5242213132118545,0.6346136733377473,False,1.7523541870461858
receiver_loso_00,3829,SAR_GN,"[0.05, 20]",3,source_validation,0.5561755397242059,0.6277593725294063,False,1.5772325018631888
receiver_loso_00,4829,P0,"[0.05, 20]",3,source_validation,0.45828526945734044,0.5242037514874816,False,1.6003839022356925
receiver_loso_00,4829,P2,"[0.05, 20]",3,source_validation,0.5471246635433576,0.6719969033697195,False,1.8031925361009473
receiver_loso_00,4829,T3A,"[0.05, 20]",3,source_validation,0.4036831967778635,0.4665963883428026,False,0.6443564720344505
receiver_loso_00,4829,EMB_STD,"[0.05, 20]",3,source_validation,0.42954379849308316,0.5248554676741328,False,1.7600153351649903
receiver_loso_00,4829,SAR_GN,"[0.05, 20]",3,source_validation,0.45828526945734044,0.5242037514874816,False,1.6003839022356925
receiver_loso_01,829,P0,"[0.05, 20]",3,source_validation,0.4124729241751945,0.4560962651768474,False,1.4840962125132582
receiver_loso_01,829,P2,"[0.05, 20]",3,source_validation,0.35847629394582414,0.45840960148578164,False,1.9336793196774578
receiver_loso_01,829,T3A,"[0.05, 20]",3,source_validation,0.36286077080389445,0.41395500374986804,False,0.6652016880657875
receiver_loso_01,829,EMB_STD,"[0.05, 20]",3,source_validation,0.3741093826918598,0.43028616856755114,False,1.575578888547977
receiver_loso_01,829,SAR_GN,"[0.05, 20]",3,source_validation,0.4124729241751945,0.4560962651768474,False,1.4840962125132582
receiver_loso_01,1829,P0,"[0.05, 20]",3,source_validation,0.37300192955768807,0.4137944411759138,False,1.4895725565032087
receiver_loso_01,1829,P2,"[0.05, 20]",3,source_validation,0.39199206096057915,0.4810689452667201,False,1.8314300799816092
receiver_loso_01,1829,T3A,"[0.05, 20]",3,source_validation,0.340884254332991,0.38412598427658756,False,0.6872532926504916
receiver_loso_01,1829,EMB_STD,"[0.05, 20]",3,source_validation,0.3705823785874374,0.4437111118843488,False,1.6746210620110156
receiver_loso_01,1829,SAR_GN,"[0.05, 20]",3,source_validation,0.37300192955768807,0.4137944411759138,False,1.4895725565032087
receiver_loso_01,2829,P0,"[0.05, 20]",3,source_validation,0.36164305077814,0.39001265610738606,False,1.389963580029349
receiver_loso_01,2829,P2,"[0.05, 20]",3,source_validation,0.40558091320910433,0.5588003786139065,False,2.1212242854067758
receiver_loso_01,2829,T3A,"[0.05, 20]",3,source_validation,0.330159526792234,0.38689768900506355,False,0.6535143927638525
receiver_loso_01,2829,EMB_STD,"[0.05, 20]",3,source_validation,0.3347601734387981,0.37563008568085504,False,1.4885556308215622
receiver_loso_01,2829,SAR_GN,"[0.05, 20]",3,source_validation,0.36164305077814,0.39001265610738606,False,1.389963580029349
receiver_loso_01,3829,P0,"[0.05, 20]",3,source_validation,0.42704781293369765,0.4980279960008372,False,1.6418730670843236
receiver_loso_01,3829,P2,"[0.05, 20]",3,source_validation,0.354449616833062,0.42371872872874744,False,1.6997378240466336
receiver_loso_01,3829,T3A,"[0.05, 20]",3,source_validation,0.3797408676946386,0.43146912593502734,False,0.6648992927982816
receiver_loso_01,3829,EMB_STD,"[0.05, 20]",3,source_validation,0.40788033851445515,0.5047227417048331,False,1.7796658725914756
receiver_loso_01,3829,SAR_GN,"[0.05, 20]",3,source_validation,0.42704781293369765,0.4980279960008372,False,1.6418730670843236
receiver_loso_01,4829,P0,"[0.05, 20]",3,source_validation,0.34875112925945,0.36537977438848085,False,1.2891800381713667
receiver_loso_01,4829,P2,"[0.05, 20]",3,source_validation,0.35254278313094783,0.44952451722547204,False,1.9179866531933556
receiver_loso_01,4829,T3A,"[0.05, 20]",3,source_validation,0.35007554416388814,0.42296384507879514,False,0.620266157328913
receiver_loso_01,4829,EMB_STD,"[0.05, 20]",3,source_validation,0.3573552195375426,0.3915937339717585,False,1.4275888064671705
receiver_loso_01,4829,SAR_GN,"[0.05, 20]",3,source_validation,0.3485868694165691,0.3651976607310416,False,1.2890621340195998
receiver_loso_02,829,P0,"[0.05, 20]",3,source_validation,0.5128111346403813,0.5586436744283209,False,1.440690920331412
receiver_loso_02,829,P2,"[0.05, 20]",3,source_validation,0.40897842590899597,0.44491598232410734,False,1.4280385877989719
receiver_loso_02,829,T3A,"[0.05, 20]",3,source_validation,0.4415419993943112,0.49948039936332694,False,0.6528768396206928
receiver_loso_02,829,EMB_STD,"[0.05, 20]",3,source_validation,0.4586738601565295,0.5141371173354631,False,1.5151746351269144
receiver_loso_02,829,SAR_GN,"[0.05, 20]",3,source_validation,0.512754082761831,0.5586554133929362,False,1.4410554078817361
receiver_loso_02,1829,P0,"[0.05, 20]",3,source_validation,0.4207186452023206,0.43747458179140963,False,1.2711593986469787
receiver_loso_02,1829,P2,"[0.05, 20]",3,source_validation,0.41233603967661386,0.5714689845565054,False,2.1391632052170078
receiver_loso_02,1829,T3A,"[0.05, 20]",3,source_validation,0.3681076605014684,0.4495248623440992,False,0.6027864206537463
receiver_loso_02,1829,EMB_STD,"[0.05, 20]",3,source_validation,0.3731937533596755,0.3913637765901925,False,1.3002150352060622
receiver_loso_02,1829,SAR_GN,"[0.05, 20]",3,source_validation,0.4207186452023206,0.43747458179140963,False,1.2711593986469787
receiver_loso_02,2829,P0,"[0.05, 20]",3,source_validation,0.5478989607547385,0.5876206951769889,False,1.3919180445995523
receiver_loso_02,2829,P2,"[0.05, 20]",3,source_validation,0.4366580669798475,0.6262882304351488,False,2.236337655568977
receiver_loso_02,2829,T3A,"[0.05, 20]",3,source_validation,0.47448329796648575,0.5386596663881765,False,0.6449388589064172
receiver_loso_02,2829,EMB_STD,"[0.05, 20]",3,source_validation,0.5002472552444904,0.5469593097516307,False,1.450062094719529
receiver_loso_02,2829,SAR_GN,"[0.05, 20]",3,source_validation,0.5476397843483866,0.5872976830382793,False,1.3916198973110794
receiver_loso_02,3829,P0,"[0.05, 20]",3,source_validation,0.4408724467411363,0.530027211413014,False,1.7200550965542925
receiver_loso_02,3829,P2,"[0.05, 20]",3,source_validation,0.3238316123619334,0.4106083135883451,False,1.862568671056402
receiver_loso_02,3829,T3A,"[0.05, 20]",3,source_validation,0.3708932011912996,0.4285734495497759,False,0.6563725184648669
receiver_loso_02,3829,EMB_STD,"[0.05, 20]",3,source_validation,0.39994494029984023,0.4911641107020744,False,1.7663806530659698
receiver_loso_02,3829,SAR_GN,"[0.05, 20]",3,source_validation,0.4408724467411363,0.530027211413014,False,1.7200550965542925
receiver_loso_02,4829,P0,"[0.05, 20]",3,source_validation,0.44471545693118797,0.5121999117677268,False,1.617984796100079
receiver_loso_02,4829,P2,"[0.05, 20]",3,source_validation,0.41083279647120413,0.5220895859136333,False,1.9415237853180731
receiver_loso_02,4829,T3A,"[0.05, 20]",3,source_validation,0.36813162430770646,0.3992890012976298,False,0.7255335515197011
receiver_loso_02,4829,EMB_STD,"[0.05, 20]",3,source_validation,0.36226821528171255,0.41311859736345663,False,1.5659742197315112
receiver_loso_02,4829,SAR_GN,"[0.05, 20]",3,source_validation,0.44471545693118797,0.5121999117677268,False,1.617984796100079
receiver_loso_03,829,P0,"[0.05, 20]",3,source_validation,0.41154272963016086,0.453062262380682,False,1.4595466694701718
receiver_loso_03,829,P2,"[0.05, 20]",3,source_validation,0.5201787810016412,0.7144199418985315,False,2.1106727243631553
receiver_loso_03,829,T3A,"[0.05, 20]",3,source_validation,0.40059859092408173,0.4830951361543642,False,0.5932082614585051
receiver_loso_03,829,EMB_STD,"[0.05, 20]",3,source_validation,0.4087294219355447,0.4636166353579929,False,1.5356943635260198
receiver_loso_03,829,SAR_GN,"[0.05, 20]",3,source_validation,0.41154272963016086,0.453062262380682,False,1.4595466694701718
receiver_loso_03,1829,P0,"[0.05, 20]",3,source_validation,0.357690587348876,0.39130102814913403,False,1.4389007727337801
receiver_loso_03,1829,P2,"[0.05, 20]",3,source_validation,0.42005077558354015,0.5100334764193782,False,1.806233899955811
receiver_loso_03,1829,T3A,"[0.05, 20]",3,source_validation,0.33915299419763967,0.3765119999497502,False,0.6999955988826505
receiver_loso_03,1829,EMB_STD,"[0.05, 20]",3,source_validation,0.3525503755303232,0.40410231603382546,False,1.5634063976657908
receiver_loso_03,1829,SAR_GN,"[0.05, 20]",3,source_validation,0.357690587348876,0.39130102814913403,False,1.4389007727337801
receiver_loso_03,2829,P0,"[0.05, 20]",3,source_validation,0.38630012739727837,0.4319496779424587,False,1.4936631164230643
receiver_loso_03,2829,P2,"[0.05, 20]",3,source_validation,0.39411771285258945,0.47938567471806187,False,1.7908077110969656
receiver_loso_03,2829,T3A,"[0.05, 20]",3,source_validation,0.3637761624209874,0.4134299247735123,False,0.6702236953877719
receiver_loso_03,2829,EMB_STD,"[0.05, 20]",3,source_validation,0.3837066915806937,0.45639035882138995,False,1.6519832999957147
receiver_loso_03,2829,SAR_GN,"[0.05, 20]",3,source_validation,0.38630012739727837,0.4319496779424587,False,1.4936631164230643
receiver_loso_03,3829,P0,"[0.05, 20]",3,source_validation,0.4334572458752303,0.49361960413916856,False,1.5659144634131679
receiver_loso_03,3829,P2,"[0.05, 20]",3,source_validation,0.46981650433684763,0.6065287725786096,False,1.9588349218416434
receiver_loso_03,3829,T3A,"[0.05, 20]",3,source_validation,0.4019953061063723,0.45384013119764516,False,0.6663649891873733
receiver_loso_03,3829,EMB_STD,"[0.05, 20]",3,source_validation,0.44069686641770445,0.5442908879977842,False,1.7528015624163236
receiver_loso_03,3829,SAR_GN,"[0.05, 20]",3,source_validation,0.4334572458752303,0.49361960413916856,False,1.5659144634131679
receiver_loso_03,4829,P0,"[0.05, 20]",3,source_validation,0.37826651907819847,0.40608684184789845,False,1.3923292266262146
receiver_loso_03,4829,P2,"[0.05, 20]",3,source_validation,0.44162276353248214,0.5273636813428096,False,1.7927002232826479
receiver_loso_03,4829,T3A,"[0.05, 20]",3,source_validation,0.3661737030792398,0.43801455428692365,False,0.6062620355724146
receiver_loso_03,4829,EMB_STD,"[0.05, 20]",3,source_validation,0.38000696846069393,0.42542728059577856,False,1.5293634040573156
receiver_loso_03,4829,SAR_GN,"[0.05, 20]",3,source_validation,0.37826651907819847,0.40608684184789845,False,1.3923292266262146
receiver_loso_04,829,P0,"[0.05, 20]",3,source_validation,0.5222270437144975,0.6264411830315839,False,1.7560291926602758
receiver_loso_04,829,P2,"[0.05, 20]",3,source_validation,0.5074595668479868,0.691375331822503,False,2.1696434075686915
receiver_loso_04,829,T3A,"[0.05, 20]",3,source_validation,0.46014676701511376,0.4981362086400174,False,0.7095159480023465
receiver_loso_04,829,EMB_STD,"[0.05, 20]",3,source_validation,0.5222921071027641,0.6683696407780552,False,1.9366187457904032
receiver_loso_04,829,SAR_GN,"[0.05, 20]",3,source_validation,0.5222270437144975,0.6264411830315839,False,1.7560291926602758
receiver_loso_04,1829,P0,"[0.05, 20]",3,source_validation,0.479976249424986,0.5419351396472926,False,1.5843546522239684
receiver_loso_04,1829,P2,"[0.05, 20]",3,source_validation,0.4918304577848411,0.6883070433991695,False,2.257649852983571
receiver_loso_04,1829,T3A,"[0.05, 20]",3,source_validation,0.432650822145666,0.4853329241422295,False,0.6511577510008661
receiver_loso_04,1829,EMB_STD,"[0.05, 20]",3,source_validation,0.47887731421058327,0.5744077811353254,False,1.7354711297445375
receiver_loso_04,1829,SAR_GN,"[0.05, 20]",3,source_validation,0.4799103319004605,0.541861172297618,False,1.584299366847226
receiver_loso_04,2829,P0,"[0.05, 20]",3,source_validation,0.47428667660133045,0.5246945823448363,False,1.4843683925328903
receiver_loso_04,2829,P2,"[0.05, 20]",3,source_validation,0.4965812352310735,0.7439398337365297,False,2.455938384562548
receiver_loso_04,2829,T3A,"[0.05, 20]",3,source_validation,0.443029827849037,0.48235330536046134,False,0.7112072398154765
receiver_loso_04,2829,EMB_STD,"[0.05, 20]",3,source_validation,0.4780528256972137,0.5468762551910112,False,1.5850135860690795
receiver_loso_04,2829,SAR_GN,"[0.05, 20]",3,source_validation,0.47428667660133045,0.5246945823448363,False,1.4843683925328903
receiver_loso_04,3829,P0,"[0.05, 20]",3,source_validation,0.6635019289752041,0.8585621578703501,False,2.0149407583309213
receiver_loso_04,3829,P2,"[0.05, 20]",3,source_validation,0.5322368522435659,0.7638546137292108,False,2.3016584630536285
receiver_loso_04,3829,T3A,"[0.05, 20]",3,source_validation,0.5687405822291199,0.5907932967373499,False,0.7674384824620029
receiver_loso_04,3829,EMB_STD,"[0.05, 20]",3,source_validation,0.6647913115050531,0.9592106083078716,False,2.2928564809847782
receiver_loso_04,3829,SAR_GN,"[0.05, 20]",3,source_validation,0.6636117354810208,0.8589011988275747,False,2.015515999515338
receiver_loso_04,4829,P0,"[0.05, 20]",3,source_validation,0.4392672914338711,0.5025841047504253,False,1.6043936571949031
receiver_loso_04,4829,P2,"[0.05, 20]",3,source_validation,0.5596578485955989,0.7490647525915235,False,2.123285426153931
receiver_loso_04,4829,T3A,"[0.05, 20]",3,source_validation,0.4027364790244314,0.4479744231705993,False,0.6695904568274516
receiver_loso_04,4829,EMB_STD,"[0.05, 20]",3,source_validation,0.4532159666299655,0.5466112803223535,False,1.756033958610934
receiver_loso_04,4829,SAR_GN,"[0.05, 20]",3,source_validation,0.4392672914338711,0.5025841047504253,False,1.6043936571949031
receiver_loso_05,829,P0,"[0.05, 20]",3,source_validation,0.6291152238782621,0.8625109085190061,False,2.100327252951785
receiver_loso_05,829,P2,"[0.05, 20]",3,source_validation,0.6461245709593083,0.8460640755052301,False,2.0266288821159657
receiver_loso_05,829,T3A,"[0.05, 20]",3,source_validation,0.5456743391340236,0.5573608710076572,False,0.8351914369562683
receiver_loso_05,829,EMB_STD,"[0.05, 20]",3,source_validation,0.5819722873600189,0.80550443270547,False,2.133082776654989
receiver_loso_05,829,SAR_GN,"[0.05, 20]",3,source_validation,0.6291152238782621,0.8625109085190061,False,2.100327252951785
receiver_loso_05,1829,P0,"[0.05, 20]",3,source_validation,0.5997940237973945,0.6866202337885049,False,1.6177157968677045
receiver_loso_05,1829,P2,"[0.05, 20]",3,source_validation,0.6437433268927485,0.7857588160820566,False,1.8730058458462508
receiver_loso_05,1829,T3A,"[0.05, 20]",3,source_validation,0.5610381456507402,0.591810293126826,False,0.7416343477635206
receiver_loso_05,1829,EMB_STD,"[0.05, 20]",3,source_validation,0.591888532446712,0.7079574318801992,False,1.7459092939626157
receiver_loso_05,1829,SAR_GN,"[0.05, 20]",3,source_validation,0.5997940237973945,0.6866202337885049,False,1.6177157968677045
receiver_loso_05,2829,P0,"[0.05, 20]",3,source_validation,0.5769629792961756,0.7208648649270942,False,1.834744026816546
receiver_loso_05,2829,P2,"[0.05, 20]",3,source_validation,0.645924652789991,0.8291611144083415,False,1.9714333451694046
receiver_loso_05,2829,T3A,"[0.05, 20]",3,source_validation,0.5081162879546832,0.5280783475260463,False,0.7854575002609466
receiver_loso_05,2829,EMB_STD,"[0.05, 20]",3,source_validation,0.5376156304062775,0.6678557731807584,False,1.8284586859655254
receiver_loso_05,2829,SAR_GN,"[0.05, 20]",3,source_validation,0.5769629792961756,0.7208648649270942,False,1.834744026816546
receiver_loso_05,3829,P0,"[0.05, 20]",3,source_validation,0.665232872411691,0.7736513172858359,False,1.7062016375896312
receiver_loso_05,3829,P2,"[0.05, 20]",3,source_validation,0.6009764082027242,0.6816969656403238,False,1.6211352914464197
receiver_loso_05,3829,T3A,"[0.05, 20]",3,source_validation,0.5844787586382132,0.6554537056320008,False,0.6223791758463734
receiver_loso_05,3829,EMB_STD,"[0.05, 20]",3,source_validation,0.6662558092793852,0.8603113542651025,False,1.985608787461058
receiver_loso_05,3829,SAR_GN,"[0.05, 20]",3,source_validation,0.6652822334222758,0.7738264332369638,False,1.7066414731604225
receiver_loso_05,4829,P0,"[0.05, 20]",3,source_validation,0.5569435236964173,0.6407941319145788,False,1.6407632734096347
receiver_loso_05,4829,P2,"[0.05, 20]",3,source_validation,0.6360063884278491,0.927490834450901,False,2.4108228618627807
receiver_loso_05,4829,T3A,"[0.05, 20]",3,source_validation,0.4958630810634177,0.5412785308608955,False,0.6795178059911261
receiver_loso_05,4829,EMB_STD,"[0.05, 20]",3,source_validation,0.5438673998500682,0.6548609312133723,False,1.7677078970940607
receiver_loso_05,4829,SAR_GN,"[0.05, 20]",3,source_validation,0.5569435236964173,0.6407941319145788,False,1.6407632734096347
receiver_loso_06,829,P0,"[0.05, 20]",3,source_validation,0.5131570515789077,0.6178490858396335,False,1.7414733204466695
receiver_loso_06,829,P2,"[0.05, 20]",3,source_validation,0.47483370931248475,0.6476527127932358,False,2.124415445948148
receiver_loso_06,829,T3A,"[0.05, 20]",3,source_validation,0.45825938842722974,0.5106071370560428,False,0.6697823947086785
receiver_loso_06,829,EMB_STD,"[0.05, 20]",3,source_validation,0.4998224624762983,0.6419203516916783,False,1.9081498350484574
receiver_loso_06,829,SAR_GN,"[0.05, 20]",3,source_validation,0.5131570515789077,0.6178490858396335,False,1.7414733204466695
receiver_loso_06,1829,P0,"[0.05, 20]",3,source_validation,0.41816819758247276,0.4513935193653848,False,1.4238867173415306
receiver_loso_06,1829,P2,"[0.05, 20]",3,source_validation,0.49218542509971747,0.6685020729479106,False,2.1381848740325986
receiver_loso_06,1829,T3A,"[0.05, 20]",3,source_validation,0.39288462771279614,0.45790697067628017,False,0.6167877241671632
receiver_loso_06,1829,EMB_STD,"[0.05, 20]",3,source_validation,0.4023870154627181,0.45726071574012456,False,1.5731669946065554
receiver_loso_06,1829,SAR_GN,"[0.05, 20]",3,source_validation,0.41816819758247276,0.4513935193653848,False,1.4238867173415306
receiver_loso_06,2829,P0,"[0.05, 20]",3,source_validation,0.4625995868338868,0.525676100600052,False,1.5530483062044544
receiver_loso_06,2829,P2,"[0.05, 20]",3,source_validation,0.4432949098832397,0.5287380884189824,False,1.7289043750606252
receiver_loso_06,2829,T3A,"[0.05, 20]",3,source_validation,0.4303303696115153,0.48199939784699036,False,0.6773136236700672
receiver_loso_06,2829,EMB_STD,"[0.05, 20]",3,source_validation,0.456162848120663,0.5526687451338026,False,1.7298762382438886
receiver_loso_06,2829,SAR_GN,"[0.05, 20]",3,source_validation,0.4625995868338868,0.525676100600052,False,1.5530483062044544
receiver_loso_06,3829,P0,"[0.05, 20]",3,source_validation,0.5132695624138232,0.606928602514753,False,1.70089104032688
receiver_loso_06,3829,P2,"[0.05, 20]",3,source_validation,0.4048742563080774,0.46016098902557084,False,1.5596373457630595
receiver_loso_06,3829,T3A,"[0.05, 20]",3,source_validation,0.4739835322379434,0.5445803098854004,False,0.6132371318686304
receiver_loso_06,3829,EMB_STD,"[0.05, 20]",3,source_validation,0.5035601335300319,0.6439324744483594,False,1.8965078017049175
receiver_loso_06,3829,SAR_GN,"[0.05, 20]",3,source_validation,0.513210333132899,0.6068532765317614,False,1.70084864241902
receiver_loso_06,4829,P0,"[0.05, 20]",3,source_validation,0.41327913716633896,0.4240205911029438,False,1.2132943329930963
receiver_loso_06,4829,P2,"[0.05, 20]",3,source_validation,0.5059838300768241,0.7797604512728339,False,2.4748273114873647
receiver_loso_06,4829,T3A,"[0.05, 20]",3,source_validation,0.3912046000286466,0.48915571767400573,False,0.577091413503759
receiver_loso_06,4829,EMB_STD,"[0.05, 20]",3,source_validation,0.39313998744304657,0.41678435919169815,False,1.329466344197508
receiver_loso_06,4829,SAR_GN,"[0.05, 20]",3,source_validation,0.41319073174055787,0.423912633568031,False,1.2131083450074425
receiver_loso_07,829,P0,"[0.05, 20]",3,source_validation,0.5735928641074454,0.6567033638027823,False,1.5995592605872246
receiver_loso_07,829,P2,"[0.05, 20]",3,source_validation,0.5496886114345182,0.7276391184731313,False,2.069734015064235
receiver_loso_07,829,T3A,"[0.05, 20]",3,source_validation,0.44634302233270695,0.5168573375611939,False,0.6030220728241064
receiver_loso_07,829,EMB_STD,"[0.05, 20]",3,source_validation,0.48180178829186326,0.5544507453565721,False,1.5899023346596515
receiver_loso_07,829,SAR_GN,"[0.05, 20]",3,source_validation,0.573541415898218,0.6567435944089645,False,1.5999454761385121
receiver_loso_07,1829,P0,"[0.05, 20]",3,source_validation,0.5409614056009824,0.6764197743850152,False,1.8358086059181191
receiver_loso_07,1829,P2,"[0.05, 20]",3,source_validation,0.5380721711669832,0.6603419790383138,False,1.8623167515516177
receiver_loso_07,1829,T3A,"[0.05, 20]",3,source_validation,0.3990095818517745,0.4387630256638528,False,0.6891793644131617
receiver_loso_07,1829,EMB_STD,"[0.05, 20]",3,source_validation,0.5015758513912432,0.6655826378749935,False,1.9543130570305178
receiver_loso_07,1829,SAR_GN,"[0.05, 20]",3,source_validation,0.5412066894790216,0.6769715885381068,False,1.8367062303293247
receiver_loso_07,2829,P0,"[0.05, 20]",3,source_validation,0.5330835553227632,0.6477723769041254,False,1.755298422903559
receiver_loso_07,2829,P2,"[0.05, 20]",3,source_validation,0.5213174340546011,0.7275741463411073,False,2.1919548868635457
receiver_loso_07,2829,T3A,"[0.05, 20]",3,source_validation,0.4844780818316197,0.5106262955423836,False,0.7552117243698162
receiver_loso_07,2829,EMB_STD,"[0.05, 20]",3,source_validation,0.4675636957731049,0.5886770471151029,False,1.8152703458494073
receiver_loso_07,2829,SAR_GN,"[0.05, 20]",3,source_validation,0.5327249643427509,0.6472958948660746,False,1.7549485465424535
receiver_loso_07,3829,P0,"[0.05, 20]",3,source_validation,0.6772852472372666,0.7579927297420852,False,1.5553869073083617
receiver_loso_07,3829,P2,"[0.05, 20]",3,source_validation,0.5126879702112346,0.6870662985617114,False,2.0822829943703196
receiver_loso_07,3829,T3A,"[0.05, 20]",3,source_validation,0.6410505099154963,0.7084295663613084,False,0.635376180819694
receiver_loso_07,3829,EMB_STD,"[0.05, 20]",3,source_validation,0.6576353160543515,0.7876522569258535,False,1.7427070714254889
receiver_loso_07,3829,SAR_GN,"[0.05, 20]",3,source_validation,0.6774932275494674,0.7584721659781694,False,1.5563016242557415
receiver_loso_07,4829,P0,"[0.05, 20]",3,source_validation,0.5715997094755859,0.6949218232247816,False,1.7855973224925048
receiver_loso_07,4829,P2,"[0.05, 20]",3,source_validation,0.5858430485703049,0.8479029243747686,False,2.3401930701971763
receiver_loso_07,4829,T3A,"[0.05, 20]",3,source_validation,0.4631325738552996,0.5226241439825557,False,0.6367162027058074
receiver_loso_07,4829,EMB_STD,"[0.05, 20]",3,source_validation,0.56777364144408,0.7504741566657525,False,2.0005928058679405
receiver_loso_07,4829,SAR_GN,"[0.05, 20]",3,source_validation,0.5716207078915255,0.6950639088298222,False,1.78597377593849
receiver_loso_08,829,P0,"[0.05, 20]",3,source_validation,0.4861491373939037,0.5453780460861062,False,1.5412958041592175
receiver_loso_08,829,P2,"[0.05, 20]",3,source_validation,0.4488686433212516,0.5568972010739187,False,1.8008673910327149
receiver_loso_08,829,T3A,"[0.05, 20]",3,source_validation,0.47389690145900953,0.5328464314513934,False,0.6419440405860316
receiver_loso_08,829,EMB_STD,"[0.05, 20]",3,source_validation,0.4914080426954018,0.580091890099553,False,1.6791947420958047
receiver_loso_08,829,SAR_GN,"[0.05, 20]",3,source_validation,0.4861491373939037,0.5453780460861062,False,1.5412958041592175
receiver_loso_08,1829,P0,"[0.05, 20]",3,source_validation,0.4287337923494731,0.4564913817515899,False,1.359820031404894
receiver_loso_08,1829,P2,"[0.05, 20]",3,source_validation,0.4342015151741232,0.49494182353689214,False,1.589732625273382
receiver_loso_08,1829,T3A,"[0.05, 20]",3,source_validation,0.4463702510393657,0.5067190010520172,False,0.6475437648050745
receiver_loso_08,1829,EMB_STD,"[0.05, 20]",3,source_validation,0.4334996606512289,0.4857424502681909,False,1.5113798376268126
receiver_loso_08,1829,SAR_GN,"[0.05, 20]",3,source_validation,0.4287337923494731,0.4564913817515899,False,1.359820031404894
receiver_loso_08,2829,P0,"[0.05, 20]",3,source_validation,0.4160660281474109,0.4654205534483789,False,1.4957446520390538
receiver_loso_08,2829,P2,"[0.05, 20]",3,source_validation,0.3897630229012012,0.5342867807207236,False,2.129581802478796
receiver_loso_08,2829,T3A,"[0.05, 20]",3,source_validation,0.4371444786034851,0.4810959462429732,False,0.6999858221557664
receiver_loso_08,2829,EMB_STD,"[0.05, 20]",3,source_validation,0.4169108771641398,0.4954530837100954,False,1.6574177986034104
receiver_loso_08,2829,SAR_GN,"[0.05, 20]",3,source_validation,0.4160660281474109,0.4654205534483789,False,1.4957446520390538
receiver_loso_08,3829,P0,"[0.05, 20]",3,source_validation,0.4102248263788062,0.4881179748630962,False,1.6759139266438563
receiver_loso_08,3829,P2,"[0.05, 20]",3,source_validation,0.39508806380860184,0.5639745955891158,False,2.207725813251208
receiver_loso_08,3829,T3A,"[0.05, 20]",3,source_validation,0.37540324314832346,0.4294914003188309,False,0.6503380587933889
receiver_loso_08,3829,EMB_STD,"[0.05, 20]",3,source_validation,0.44138423059197257,0.5650389337386388,False,1.8714220746268864
receiver_loso_08,3829,SAR_GN,"[0.05, 20]",3,source_validation,0.4102248263788062,0.4881179748630962,False,1.6759139266438563
receiver_loso_08,4829,P0,"[0.05, 20]",3,source_validation,0.38652501827920593,0.4444007331757412,False,1.5833509068877476
receiver_loso_08,4829,P2,"[0.05, 20]",3,source_validation,0.4062973489098331,0.6191333906609284,False,2.412019868015817
receiver_loso_08,4829,T3A,"[0.05, 20]",3,source_validation,0.3611509497181847,0.41732737956199556,False,0.6539938012085869
receiver_loso_08,4829,EMB_STD,"[0.05, 20]",3,source_validation,0.4005050590332823,0.5064539709976089,False,1.807022323266855
receiver_loso_08,4829,SAR_GN,"[0.05, 20]",3,source_validation,0.38652501827920593,0.4444007331757412,False,1.5833509068877476
receiver_loso_09,829,P0,"[0.05, 20]",3,source_validation,0.46048594387269515,0.5249466221725436,False,1.5967041186417625
receiver_loso_09,829,P2,"[0.05, 20]",3,source_validation,0.46637119752758704,0.6532359078029497,False,2.268972787927273
receiver_loso_09,829,T3A,"[0.05, 20]",3,source_validation,0.4089549293612665,0.4601208712782847,False,0.6623396795678804
receiver_loso_09,829,EMB_STD,"[0.05, 20]",3,source_validation,0.43154616665543566,0.5029409098819216,False,1.6459439192446892
receiver_loso_09,829,SAR_GN,"[0.05, 20]",3,source_validation,0.46048594387269515,0.5249466221725436,False,1.5967041186417625
receiver_loso_09,1829,P0,"[0.05, 20]",3,source_validation,0.4525518751026394,0.5063183004290056,False,1.5444299012378497
receiver_loso_09,1829,P2,"[0.05, 20]",3,source_validation,0.4507585795274276,0.5192140849845958,False,1.6777464577122474
receiver_loso_09,1829,T3A,"[0.05, 20]",3,source_validation,0.3941815104558393,0.4612579177486112,False,0.6082067526680642
receiver_loso_09,1829,EMB_STD,"[0.05, 20]",3,source_validation,0.4264985678207738,0.49929341347133266,False,1.6491982285825424
receiver_loso_09,1829,SAR_GN,"[0.05, 20]",3,source_validation,0.45252771087634014,0.5062926173087585,False,1.5444211465104032
receiver_loso_09,2829,P0,"[0.05, 20]",3,source_validation,0.4919645789110427,0.5166774329178688,False,1.324652953678727
receiver_loso_09,2829,P2,"[0.05, 20]",3,source_validation,0.5614141543591213,0.7703898291523229,False,2.2353721290464725
receiver_loso_09,2829,T3A,"[0.05, 20]",3,source_validation,0.46569994999244274,0.5397829898668262,False,0.6140451177913729
receiver_loso_09,2829,EMB_STD,"[0.05, 20]",3,source_validation,0.4616092623789683,0.4898466924910476,False,1.3559502836083346
receiver_loso_09,2829,SAR_GN,"[0.05, 20]",3,source_validation,0.4919645789110427,0.5166774329178688,False,1.324652953678727
receiver_loso_09,3829,P0,"[0.05, 20]",3,source_validation,0.6322622854902061,0.8385986607353629,False,2.094856774939218
receiver_loso_09,3829,P2,"[0.05, 20]",3,source_validation,0.5183419228763507,0.6520596382532401,False,2.0049878912693426
receiver_loso_09,3829,T3A,"[0.05, 20]",3,source_validation,0.5441749600031808,0.5649089515054012,False,0.7803110313482822
receiver_loso_09,3829,EMB_STD,"[0.05, 20]",3,source_validation,0.611169101177818,0.8945751254383801,False,2.309819534381316
receiver_loso_09,3829,SAR_GN,"[0.05, 20]",3,source_validation,0.6322622854902061,0.8385986607353629,False,2.094856774939218
receiver_loso_09,4829,P0,"[0.05, 20]",3,source_validation,0.41423513391694944,0.47241874033090253,False,1.606941339861781
receiver_loso_09,4829,P2,"[0.05, 20]",3,source_validation,0.4660736958271121,0.5844532498927476,False,1.9392320622881745
receiver_loso_09,4829,T3A,"[0.05, 20]",3,source_validation,0.37564682067819594,0.3986589656032458,False,0.7566810887097509
receiver_loso_09,4829,EMB_STD,"[0.05, 20]",3,source_validation,0.4002349542134294,0.4854596109464712,False,1.758070226183721
receiver_loso_09,4829,SAR_GN,"[0.05, 20]",3,source_validation,0.41423513391694944,0.47241874033090253,False,1.606941339861781
receiver_loso_10,829,P0,"[0.05, 20]",3,source_validation,0.38750748645121497,0.44942763438270944,False,1.624249379594629
receiver_loso_10,829,P2,"[0.05, 20]",3,source_validation,0.42771681210754814,0.529566410603126,False,1.8159115501417418
receiver_loso_10,829,T3A,"[0.05, 20]",3,source_validation,0.3400561550688635,0.3935341528597382,False,0.6391611097924523
receiver_loso_10,829,EMB_STD,"[0.05, 20]",3,source_validation,0.3577634017340432,0.41881148137532476,False,1.6318752234398755
receiver_loso_10,829,SAR_GN,"[0.05, 20]",3,source_validation,0.38750748645121497,0.44942763438270944,False,1.624249379594629
receiver_loso_10,1829,P0,"[0.05, 20]",3,source_validation,0.4130480253283168,0.5041137401430111,False,1.7976486321788139
receiver_loso_10,1829,P2,"[0.05, 20]",3,source_validation,0.44779550338740465,0.6307057093756664,False,2.2138043087104675
receiver_loso_10,1829,T3A,"[0.05, 20]",3,source_validation,0.3681608949487835,0.3922793698661879,False,0.7498603878464231
receiver_loso_10,1829,EMB_STD,"[0.05, 20]",3,source_validation,0.394182971015785,0.5031085815777084,False,1.880927820136665
receiver_loso_10,1829,SAR_GN,"[0.05, 20]",3,source_validation,0.4130480253283168,0.5041137401430111,False,1.7976486321788139
receiver_loso_10,2829,P0,"[0.05, 20]",3,source_validation,0.3958395146110278,0.46029041236833396,False,1.621673098271825
receiver_loso_10,2829,P2,"[0.05, 20]",3,source_validation,0.40272793962555814,0.4937513305028396,False,1.794093655250336
receiver_loso_10,2829,T3A,"[0.05, 20]",3,source_validation,0.3488484324547452,0.3718332250729988,False,0.7559459975114564
receiver_loso_10,2829,EMB_STD,"[0.05, 20]",3,source_validation,0.3458056119944892,0.39362328704380295,False,1.5487694416527398
receiver_loso_10,2829,SAR_GN,"[0.05, 20]",3,source_validation,0.3958395146110278,0.46029041236833396,False,1.621673098271825
receiver_loso_10,3829,P0,"[0.05, 20]",3,source_validation,0.4586380402916204,0.5324058137663892,False,1.645747650551908
receiver_loso_10,3829,P2,"[0.05, 20]",3,source_validation,0.37600343802565694,0.5260157296547899,False,2.1672127858648467
receiver_loso_10,3829,T3A,"[0.05, 20]",3,source_validation,0.39774500674293406,0.4537902101162912,False,0.6270892448013686
receiver_loso_10,3829,EMB_STD,"[0.05, 20]",3,source_validation,0.4204210058520584,0.48804884881954247,False,1.6239649233995839
receiver_loso_10,3829,SAR_GN,"[0.05, 20]",3,source_validation,0.4586380402916204,0.5324058137663892,False,1.645747650551908
receiver_loso_10,4829,P0,"[0.05, 20]",3,source_validation,0.3880854219671672,0.4206848178518303,False,1.4182902872274774
receiver_loso_10,4829,P2,"[0.05, 20]",3,source_validation,0.4286331619461022,0.6647025235125673,False,2.4583624486263624
receiver_loso_10,4829,T3A,"[0.05, 20]",3,source_validation,0.36208537119082224,0.4088566677412491,False,0.6803845190148736
receiver_loso_10,4829,EMB_STD,"[0.05, 20]",3,source_validation,0.36146031745854684,0.4008234068582994,False,1.4667807164870243
receiver_loso_10,4829,SAR_GN,"[0.05, 20]",3,source_validation,0.3880854219671672,0.4206848178518303,False,1.4182902872274774
receiver_loso_11,829,P0,"[0.05, 20]",3,source_validation,0.8381206747956647,0.984118380260497,False,1.7564354421012895
receiver_loso_11,829,P2,"[0.05, 20]",3,source_validation,0.7641225484655161,1.1580743268326776,False,2.629471811518406
receiver_loso_11,829,T3A,"[0.05, 20]",3,source_validation,0.7983703313212781,0.8046010141609906,False,0.8801290320933558
receiver_loso_11,829,EMB_STD,"[0.05, 20]",3,source_validation,0.8321704267694638,1.0606855945197518,False,2.0070239809596444
receiver_loso_11,829,SAR_GN,"[0.05, 20]",3,source_validation,0.8381000801482413,0.9842271880068916,False,1.7567682175429171
receiver_loso_11,1829,P0,"[0.05, 20]",3,source_validation,0.7029840575258103,0.8749805768348061,False,1.9064623639993619
receiver_loso_11,1829,P2,"[0.05, 20]",3,source_validation,0.8046905665222464,1.3319477737190162,False,2.867215446132334
receiver_loso_11,1829,T3A,"[0.05, 20]",3,source_validation,0.7109238327860229,0.7115258223870294,False,0.9621971560956748
receiver_loso_11,1829,EMB_STD,"[0.05, 20]",3,source_validation,0.69392067590565,0.9226485868207167,False,2.107052146142024
receiver_loso_11,1829,SAR_GN,"[0.05, 20]",3,source_validation,0.7029840575258103,0.8749805768348061,False,1.9064623639993619
receiver_loso_11,2829,P0,"[0.05, 20]",3,source_validation,0.7155287257902033,0.9175557274383431,False,1.9837779162565652
receiver_loso_11,2829,P2,"[0.05, 20]",3,source_validation,0.8376688641580015,1.4286434810494901,False,3.083727711127048
receiver_loso_11,2829,T3A,"[0.05, 20]",3,source_validation,0.6285604970026726,0.6337613639323468,False,0.8878535008445154
receiver_loso_11,2829,EMB_STD,"[0.05, 20]",3,source_validation,0.6854779832752328,0.9056854271196939,False,2.0823859712675987
receiver_loso_11,2829,SAR_GN,"[0.05, 20]",3,source_validation,0.7155287257902033,0.9175557274383431,False,1.9837779162565652
receiver_loso_11,3829,P0,"[0.05, 20]",3,source_validation,0.8171754016418445,1.029301387557231,False,1.9931721069665147
receiver_loso_11,3829,P2,"[0.05, 20]",3,source_validation,0.836251998062863,1.2969108582077473,False,2.681806492585723
receiver_loso_11,3829,T3A,"[0.05, 20]",3,source_validation,0.7685109257691739,0.8036853711632611,False,0.7292333687163146
receiver_loso_11,3829,EMB_STD,"[0.05, 20]",3,source_validation,0.7799674163319891,1.0614927350671757,False,2.2213799868062214
receiver_loso_11,3829,SAR_GN,"[0.05, 20]",3,source_validation,0.8174061521144625,1.0300502264495812,False,1.9944670135899323
receiver_loso_11,4829,P0,"[0.05, 20]",3,source_validation,0.721885945189093,0.9103924444212795,False,1.967313638662765
receiver_loso_11,4829,P2,"[0.05, 20]",3,source_validation,0.7670656981748672,1.042929636226322,False,2.2641330820981045
receiver_loso_11,4829,T3A,"[0.05, 20]",3,source_validation,0.6466128135270687,0.6553732991185506,False,0.8553491602086061
receiver_loso_11,4829,EMB_STD,"[0.05, 20]",3,source_validation,0.705538550964771,0.9687631167834216,False,2.2408598028881657
receiver_loso_11,4829,SAR_GN,"[0.05, 20]",3,source_validation,0.721885945189093,0.9103924444212795,False,1.967313638662765
receiver_loso_12,829,P0,"[0.05, 20]",3,source_validation,0.5255597227662171,0.6492778602629744,False,1.832079514646992
receiver_loso_12,829,P2,"[0.05, 20]",3,source_validation,0.6163709113138819,0.9612898033618644,False,2.587872659842083
receiver_loso_12,829,T3A,"[0.05, 20]",3,source_validation,0.5525672722704421,0.5560594975348799,False,0.9064317365901156
receiver_loso_12,829,EMB_STD,"[0.05, 20]",3,source_validation,0.5342042237654557,0.6984783805908504,False,1.9766748516572246
receiver_loso_12,829,SAR_GN,"[0.05, 20]",3,source_validation,0.5255597227662171,0.6492778602629744,False,1.832079514646992
receiver_loso_12,1829,P0,"[0.05, 20]",3,source_validation,0.5608600050759251,0.69920800466965,False,1.846759881424434
receiver_loso_12,1829,P2,"[0.05, 20]",3,source_validation,0.5271331006913237,0.6666906031351081,False,2.013931111326122
receiver_loso_12,1829,T3A,"[0.05, 20]",3,source_validation,0.5645844221575719,0.5671694080277697,False,0.9154129880785624
receiver_loso_12,1829,EMB_STD,"[0.05, 20]",3,source_validation,0.5437369200070211,0.662910545672212,False,1.8006880046456382
receiver_loso_12,1829,SAR_GN,"[0.05, 20]",3,source_validation,0.5608600050759251,0.69920800466965,False,1.846759881424434
receiver_loso_12,2829,P0,"[0.05, 20]",3,source_validation,0.5458721341217015,0.6337545171995836,False,1.6218047707062124
receiver_loso_12,2829,P2,"[0.05, 20]",3,source_validation,0.5601649291957135,0.8578711835270602,False,2.5152416683211816
receiver_loso_12,2829,T3A,"[0.05, 20]",3,source_validation,0.5438614201227979,0.5499206190169649,False,0.884578089335998
receiver_loso_12,2829,EMB_STD,"[0.05, 20]",3,source_validation,0.5503339201348799,0.6496566493620072,False,1.6766695114548509
receiver_loso_12,2829,SAR_GN,"[0.05, 20]",3,source_validation,0.5458721341217015,0.6337545171995836,False,1.6218047707062124
receiver_loso_12,3829,P0,"[0.05, 20]",3,source_validation,0.5671222314195002,0.7413946265319183,False,2.0160853893618453
receiver_loso_12,3829,P2,"[0.05, 20]",3,source_validation,0.5659645920038086,0.8001686857981491,False,2.3059552437807
receiver_loso_12,3829,T3A,"[0.05, 20]",3,source_validation,0.5792461076892806,0.5850283647016209,False,0.8809880663436346
receiver_loso_12,3829,EMB_STD,"[0.05, 20]",3,source_validation,0.5343122068622462,0.6990649784515336,False,2.016866450106584
receiver_loso_12,3829,SAR_GN,"[0.05, 20]",3,source_validation,0.5671222314195002,0.7413946265319183,False,2.0160853893618453
receiver_loso_12,4829,P0,"[0.05, 20]",3,source_validation,0.445871627244175,0.5122268514886575,False,1.6548036598422515
receiver_loso_12,4829,P2,"[0.05, 20]",3,source_validation,0.6461390639589865,0.8454163341851778,False,2.049562447813439
receiver_loso_12,4829,T3A,"[0.05, 20]",3,source_validation,0.4326199713988356,0.4654921531495165,False,0.7174488562013653
receiver_loso_12,4829,EMB_STD,"[0.05, 20]",3,source_validation,0.45296605662714423,0.5587450062614853,False,1.85262596082505
receiver_loso_12,4829,SAR_GN,"[0.05, 20]",3,source_validation,0.445871627244175,0.5122268514886575,False,1.6548036598422515
receiver_loso_13,829,P0,"[0.05, 20]",3,source_validation,0.5247933877787877,0.6673671871302749,False,1.8690715607838917
receiver_loso_13,829,P2,"[0.05, 20]",3,source_validation,0.5148870799166189,0.7152437383124747,False,2.1851229359629922
receiver_loso_13,829,T3A,"[0.05, 20]",3,source_validation,0.4472115873272399,0.48637218694308054,False,0.7064756387856879
receiver_loso_13,829,EMB_STD,"[0.05, 20]",3,source_validation,0.5268691492148537,0.7098013814920482,False,2.0295586162787034
receiver_loso_13,829,SAR_GN,"[0.05, 20]",3,source_validation,0.5251307399460265,0.6681522793958083,False,1.8703212956214208
receiver_loso_13,1829,P0,"[0.05, 20]",3,source_validation,0.46237100989353613,0.571617690325553,False,1.7740992182099322
receiver_loso_13,1829,P2,"[0.05, 20]",3,source_validation,0.5303964333187658,0.7108805065457634,False,2.056347292151136
receiver_loso_13,1829,T3A,"[0.05, 20]",3,source_validation,0.38372621805764867,0.4238268209018512,False,0.6899643242106361
receiver_loso_13,1829,EMB_STD,"[0.05, 20]",3,source_validation,0.46631550931869326,0.6127433264739919,False,1.9306646680808404
receiver_loso_13,1829,SAR_GN,"[0.05, 20]",3,source_validation,0.46237100989353613,0.571617690325553,False,1.7740992182099322
receiver_loso_13,2829,P0,"[0.05, 20]",3,source_validation,0.5391062306686597,0.6742580821671152,False,1.8093320228999974
receiver_loso_13,2829,P2,"[0.05, 20]",3,source_validation,0.508511003062084,0.7917090583745877,False,2.4463659598579763
receiver_loso_13,2829,T3A,"[0.05, 20]",3,source_validation,0.4608755069694321,0.48165594146876106,False,0.7878645315592268
receiver_loso_13,2829,EMB_STD,"[0.05, 20]",3,source_validation,0.5430736395371009,0.7168589629759565,False,1.9531671909519428
receiver_loso_13,2829,SAR_GN,"[0.05, 20]",3,source_validation,0.5391062306686597,0.6742580821671152,False,1.8093320228999974
receiver_loso_13,3829,P0,"[0.05, 20]",3,source_validation,0.5142404246190141,0.596676042803795,False,1.6230043509655034
receiver_loso_13,3829,P2,"[0.05, 20]",3,source_validation,0.48079090767385146,0.6900255626882728,False,2.2697279446498935
receiver_loso_13,3829,T3A,"[0.05, 20]",3,source_validation,0.44910505456928856,0.5154685015482706,False,0.6335104364699938
receiver_loso_13,3829,EMB_STD,"[0.05, 20]",3,source_validation,0.5204819447122495,0.6322962250393916,False,1.7461173102944
receiver_loso_13,3829,SAR_GN,"[0.05, 20]",3,source_validation,0.5142404246190141,0.596676042803795,False,1.6230043509655034
receiver_loso_13,4829,P0,"[0.05, 20]",3,source_validation,0.4169792953385705,0.4527402728038594,False,1.4161994222350254
receiver_loso_13,4829,P2,"[0.05, 20]",3,source_validation,0.4752928982833435,0.6337158915306622,False,2.009827669853773
receiver_loso_13,4829,T3A,"[0.05, 20]",3,source_validation,0.37654872092046027,0.4322554301631041,False,0.6564201940764905
receiver_loso_13,4829,EMB_STD,"[0.05, 20]",3,source_validation,0.4233291980888409,0.48973265782686576,False,1.5859830082037494
receiver_loso_13,4829,SAR_GN,"[0.05, 20]",3,source_validation,0.4169792953385705,0.4527402728038594,False,1.4161994222350254
receiver_loso_14,829,P0,"[0.05, 20]",3,source_validation,0.37204337781027724,0.4133990772157626,False,1.4756002941918038
receiver_loso_14,829,P2,"[0.05, 20]",3,source_validation,0.45026048521970874,0.6113727696265895,False,2.0566757670324898
receiver_loso_14,829,T3A,"[0.05, 20]",3,source_validation,0.32205666729167676,0.3990494059692571,False,0.6033100948248593
receiver_loso_14,829,EMB_STD,"[0.05, 20]",3,source_validation,0.35468569787682264,0.4238982782328479,False,1.6461736612531066
receiver_loso_14,829,SAR_GN,"[0.05, 20]",3,source_validation,0.37204337781027724,0.4133990772157626,False,1.4756002941918038
receiver_loso_14,1829,P0,"[0.05, 20]",3,source_validation,0.4358149839732382,0.4817741712602463,False,1.4811572478805897
receiver_loso_14,1829,P2,"[0.05, 20]",3,source_validation,0.4930669661553666,0.5649371877565063,False,1.6292909427502535
receiver_loso_14,1829,T3A,"[0.05, 20]",3,source_validation,0.36111275754159894,0.4283879542859239,False,0.6233028255494333
receiver_loso_14,1829,EMB_STD,"[0.05, 20]",3,source_validation,0.3890604290109167,0.4405055418604685,False,1.5317943646104335
receiver_loso_14,1829,SAR_GN,"[0.05, 20]",3,source_validation,0.43563671348183736,0.48158009461879053,False,1.481141881216965
receiver_loso_14,2829,P0,"[0.05, 20]",3,source_validation,0.36146445693056495,0.4015933766051478,False,1.4655570427768452
receiver_loso_14,2829,P2,"[0.05, 20]",3,source_validation,0.34827184808758477,0.3870675024703354,False,1.5073599212372315
receiver_loso_14,2829,T3A,"[0.05, 20]",3,source_validation,0.32894536313086326,0.40043177444422495,False,0.6268382163300473
receiver_loso_14,2829,EMB_STD,"[0.05, 20]",3,source_validation,0.3448681219248446,0.402383845051485,False,1.5804864121235171
receiver_loso_14,2829,SAR_GN,"[0.05, 20]",3,source_validation,0.36146445693056495,0.4015933766051478,False,1.4655570427768452
receiver_loso_14,3829,P0,"[0.05, 20]",3,source_validation,0.505868516207514,0.6059066120610984,False,1.7430762315396262
receiver_loso_14,3829,P2,"[0.05, 20]",3,source_validation,0.3879776311301621,0.4487570036046207,False,1.6389824841052765
receiver_loso_14,3829,T3A,"[0.05, 20]",3,source_validation,0.394826249106396,0.4662002101383968,False,0.6141281587780739
receiver_loso_14,3829,EMB_STD,"[0.05, 20]",3,source_validation,0.4687908534923258,0.5861459472437379,False,1.8359431196823441
receiver_loso_14,3829,SAR_GN,"[0.05, 20]",3,source_validation,0.505868516207514,0.6059066120610984,False,1.7430762315396262
receiver_loso_14,4829,P0,"[0.05, 20]",3,source_validation,0.40803209064689083,0.4403931834073787,False,1.3953523304784434
receiver_loso_14,4829,P2,"[0.05, 20]",3,source_validation,0.421071110314192,0.5004913534256987,False,1.7472050007116362
receiver_loso_14,4829,T3A,"[0.05, 20]",3,source_validation,0.3397997419944308,0.4214264826648819,False,0.5908813802326899
receiver_loso_14,4829,EMB_STD,"[0.05, 20]",3,source_validation,0.3927280084878368,0.44239030345578706,False,1.5188618494692865
receiver_loso_14,4829,SAR_GN,"[0.05, 20]",3,source_validation,0.40803209064689083,0.4403931834073787,False,1.3953523304784434
receiver_loso_15,829,P0,"[0.05, 20]",3,source_validation,0.4622194955265131,0.5073832320838143,False,1.478613538911005
receiver_loso_15,829,P2,"[0.05, 20]",3,source_validation,0.45216755643279977,0.5556984826088569,False,1.8346001559610468
receiver_loso_15,829,T3A,"[0.05, 20]",3,source_validation,0.35643505564306704,0.46201598713144376,False,0.5057341964505707
receiver_loso_15,829,EMB_STD,"[0.05, 20]",3,source_validation,0.3647612501422179,0.39983804330614997,False,1.44236075901291
receiver_loso_15,829,SAR_GN,"[0.05, 20]",3,source_validation,0.46222049024033446,0.5075518458803588,False,1.4794475844649195
receiver_loso_15,1829,P0,"[0.05, 20]",3,source_validation,0.41379799822050667,0.4468099730116828,False,1.4329784553208418
receiver_loso_15,1829,P2,"[0.05, 20]",3,source_validation,0.4493288207124911,0.5758363623055821,False,1.9357316131717528
receiver_loso_15,1829,T3A,"[0.05, 20]",3,source_validation,0.28383605842525234,0.40905648849614135,False,0.4408868809722474
receiver_loso_15,1829,EMB_STD,"[0.05, 20]",3,source_validation,0.38116717594584276,0.438899485927062,False,1.5945049996430103
receiver_loso_15,1829,SAR_GN,"[0.05, 20]",3,source_validation,0.41379799822050667,0.4468099730116828,False,1.4329784553208418
receiver_loso_15,2829,P0,"[0.05, 20]",3,source_validation,0.44616066054785497,0.48395075171670293,False,1.4331868262965632
receiver_loso_15,2829,P2,"[0.05, 20]",3,source_validation,0.4584610685730292,0.5687110590369938,False,1.8480415000744042
receiver_loso_15,2829,T3A,"[0.05, 20]",3,source_validation,0.4244876169769874,0.5132654745719498,False,0.5729589201438972
receiver_loso_15,2829,EMB_STD,"[0.05, 20]",3,source_validation,0.36440697588106225,0.40029379986692204,False,1.4440413975606468
receiver_loso_15,2829,SAR_GN,"[0.05, 20]",3,source_validation,0.446254059013989,0.48413314761460563,False,1.4336665913066298
receiver_loso_15,3829,P0,"[0.05, 20]",3,source_validation,0.5472039068357727,0.6513356383282246,False,1.7565456206168115
receiver_loso_15,3829,P2,"[0.05, 20]",3,source_validation,0.4886534374128979,0.6055189929143268,False,1.8464566349629687
receiver_loso_15,3829,T3A,"[0.05, 20]",3,source_validation,0.4039785115107679,0.4977203537427002,False,0.5405153473135954
receiver_loso_15,3829,EMB_STD,"[0.05, 20]",3,source_validation,0.47411017991352794,0.5845931549242788,False,1.8095016218941604
receiver_loso_15,3829,SAR_GN,"[0.05, 20]",3,source_validation,0.5471246660031273,0.651280846241618,False,1.7566369686596017
receiver_loso_15,4829,P0,"[0.05, 20]",3,source_validation,0.4895036706145004,0.5865539965485337,False,1.7471196485904346
receiver_loso_15,4829,P2,"[0.05, 20]",3,source_validation,0.5627749190954981,0.7612923880305118,False,2.2172337475330504
receiver_loso_15,4829,T3A,"[0.05, 20]",3,source_validation,0.3827012173111534,0.43563691143662564,False,0.619227120026957
receiver_loso_15,4829,EMB_STD,"[0.05, 20]",3,source_validation,0.4099049293808492,0.5034828567678077,False,1.7717464141993746
receiver_loso_15,4829,SAR_GN,"[0.05, 20]",3,source_validation,0.48971427989341015,0.5870082222325265,False,1.7480147192671756
receiver_loso_16,829,P0,"[0.05, 20]",3,source_validation,0.5002754220103708,0.5436358110141888,False,1.4565770383816623
receiver_loso_16,829,P2,"[0.05, 20]",3,source_validation,0.48438491655817134,0.635187336867248,False,2.0286014891202075
receiver_loso_16,829,T3A,"[0.05, 20]",3,source_validation,0.42433641084412294,0.5140830085212252,False,0.5789770390444612
receiver_loso_16,829,EMB_STD,"[0.05, 20]",3,source_validation,0.46325938956560037,0.5236626744479073,False,1.565065258454065
receiver_loso_16,829,SAR_GN,"[0.05, 20]",3,source_validation,0.5002754220103708,0.5436358110141888,False,1.4565770383816623
receiver_loso_16,1829,P0,"[0.05, 20]",3,source_validation,0.5810639559019645,0.6594550308793405,False,1.5963095556391855
receiver_loso_16,1829,P2,"[0.05, 20]",3,source_validation,0.5225186883827925,0.6663513824795202,False,2.0154911338298276
receiver_loso_16,1829,T3A,"[0.05, 20]",3,source_validation,0.464917246170883,0.528839165923798,False,0.6425675168873216
receiver_loso_16,1829,EMB_STD,"[0.05, 20]",3,source_validation,0.5482524237953519,0.6472154330678274,False,1.6941619801694412
receiver_loso_16,1829,SAR_GN,"[0.05, 20]",3,source_validation,0.5810639559019645,0.6594550308793405,False,1.5963095556391855
receiver_loso_16,2829,P0,"[0.05, 20]",3,source_validation,0.4647612289660417,0.5184678102160719,False,1.518966675734636
receiver_loso_16,2829,P2,"[0.05, 20]",3,source_validation,0.48365511594068167,0.5869256763865159,False,1.859441075015263
receiver_loso_16,2829,T3A,"[0.05, 20]",3,source_validation,0.40472793153722986,0.4368258861081915,False,0.7316305622268618
receiver_loso_16,2829,EMB_STD,"[0.05, 20]",3,source_validation,0.43911048061839925,0.512125948094813,False,1.6450122463076038
receiver_loso_16,2829,SAR_GN,"[0.05, 20]",3,source_validation,0.4647612289660417,0.5184678102160719,False,1.518966675734636
receiver_loso_16,3829,P0,"[0.05, 20]",3,source_validation,0.6360792719713754,0.7744369875420087,False,1.81446020109569
receiver_loso_16,3829,P2,"[0.05, 20]",3,source_validation,0.4509395605088622,0.5082966594275595,False,1.5687048672394022
receiver_loso_16,3829,T3A,"[0.05, 20]",3,source_validation,0.5130622485129098,0.5614094786453102,False,0.6686416652064634
receiver_loso_16,3829,EMB_STD,"[0.05, 20]",3,source_validation,0.5779378447195137,0.7341167600298836,False,1.8980911641486933
receiver_loso_16,3829,SAR_GN,"[0.05, 20]",3,source_validation,0.6360792719713754,0.7744369875420087,False,1.81446020109569
receiver_loso_16,4829,P0,"[0.05, 20]",3,source_validation,0.5327349715470251,0.6307459862305539,False,1.7307854248674654
receiver_loso_16,4829,P2,"[0.05, 20]",3,source_validation,0.5667575814931967,0.6703270949690991,False,1.781959519016494
receiver_loso_16,4829,T3A,"[0.05, 20]",3,source_validation,0.4240701060379444,0.46326623411960743,False,0.6950920592128526
receiver_loso_16,4829,EMB_STD,"[0.05, 20]",3,source_validation,0.49017885257791355,0.6033413471505987,False,1.8131654147792355
receiver_loso_16,4829,SAR_GN,"[0.05, 20]",3,source_validation,0.5327318022272501,0.6307700898704715,False,1.7308692266061032
receiver_loso_17,829,P0,"[0.05, 20]",3,source_validation,0.5056797618739782,0.5719025498540558,False,1.5538529602549374
receiver_loso_17,829,P2,"[0.05, 20]",3,source_validation,0.5537829219257339,0.7888588958609103,False,2.2678371928306653
receiver_loso_17,829,T3A,"[0.05, 20]",3,source_validation,0.44655511832484024,0.5295966213973622,False,0.6079187572484913
receiver_loso_17,829,EMB_STD,"[0.05, 20]",3,source_validation,0.47079230512911946,0.5608962592449558,False,1.6924380388833724
receiver_loso_17,829,SAR_GN,"[0.05, 20]",3,source_validation,0.5056797618739782,0.5719025498540558,False,1.5538529602549374
receiver_loso_17,1829,P0,"[0.05, 20]",3,source_validation,0.5774565413808694,0.6576979696021601,False,1.6029060524736949
receiver_loso_17,1829,P2,"[0.05, 20]",3,source_validation,0.5327160790714244,0.7406699272475782,False,2.2863522313511817
receiver_loso_17,1829,T3A,"[0.05, 20]",3,source_validation,0.5091075232267182,0.5793702721744258,False,0.6412451525815033
receiver_loso_17,1829,EMB_STD,"[0.05, 20]",3,source_validation,0.5255804615683487,0.6425862869982897,False,1.7782407364178552
receiver_loso_17,1829,SAR_GN,"[0.05, 20]",3,source_validation,0.5772553592525069,0.6573873756845153,False,1.6025013614578298
receiver_loso_17,2829,P0,"[0.05, 20]",3,source_validation,0.6071814479414024,0.6563047992452383,False,1.4284476180687182
receiver_loso_17,2829,P2,"[0.05, 20]",3,source_validation,0.5365291951153915,0.7192396726820239,False,2.139111784302687
receiver_loso_17,2829,T3A,"[0.05, 20]",3,source_validation,0.5698721117184808,0.6413333497144046,False,0.6483248773139034
receiver_loso_17,2829,EMB_STD,"[0.05, 20]",3,source_validation,0.5656777145069682,0.6352433627574515,False,1.5401318735359248
receiver_loso_17,2829,SAR_GN,"[0.05, 20]",3,source_validation,0.6072369317275278,0.6563664236503802,False,1.4284987217157499
receiver_loso_17,3829,P0,"[0.05, 20]",3,source_validation,0.6357729861582481,0.6846558856379891,False,1.433778563613241
receiver_loso_17,3829,P2,"[0.05, 20]",3,source_validation,0.5978426395075002,0.8805166555770318,False,2.426726110552968
receiver_loso_17,3829,T3A,"[0.05, 20]",3,source_validation,0.5648533202599135,0.6943609213255061,False,0.5390327000997309
receiver_loso_17,3829,EMB_STD,"[0.05, 20]",3,source_validation,0.6422392543463975,0.7563775768673651,False,1.71519245218496
receiver_loso_17,3829,SAR_GN,"[0.05, 20]",3,source_validation,0.6357903749081965,0.6847236601754831,False,1.434018707555991
receiver_loso_17,4829,P0,"[0.05, 20]",3,source_validation,0.5289593553416417,0.6475421120576874,False,1.798605420127763
receiver_loso_17,4829,P2,"[0.05, 20]",3,source_validation,0.5922675140564045,0.7948994551628878,False,2.1200254580732603
receiver_loso_17,4829,T3A,"[0.05, 20]",3,source_validation,0.45554986100881006,0.49556800102855814,False,0.708291696232487
receiver_loso_17,4829,EMB_STD,"[0.05, 20]",3,source_validation,0.5119183715328762,0.6610988512522514,False,1.9634420496806175
receiver_loso_17,4829,SAR_GN,"[0.05, 20]",3,source_validation,0.5289593553416417,0.6475421120576874,False,1.798605420127763
receiver_loso_18,829,P0,"[0.05, 20]",3,source_validation,0.6922233373415828,0.9552925042891692,False,2.1492849648616494
receiver_loso_18,829,P2,"[0.05, 20]",3,source_validation,0.6088140497680683,0.7586353137866597,False,1.9062703061535007
receiver_loso_18,829,T3A,"[0.05, 20]",3,source_validation,0.6490136899743235,0.6493442066120773,False,0.9713157828578166
receiver_loso_18,829,EMB_STD,"[0.05, 20]",3,source_validation,0.6886898723223416,1.0158969761428078,False,2.321523143488616
receiver_loso_18,829,SAR_GN,"[0.05, 20]",3,source_validation,0.6921594094294222,0.9552789000119745,False,2.1494274216713105
receiver_loso_18,1829,P0,"[0.05, 20]",3,source_validation,0.5594245826711517,0.6611561491186618,False,1.7045523015310204
receiver_loso_18,1829,P2,"[0.05, 20]",3,source_validation,0.5614495988182017,0.7581629545100301,False,2.1495541698026557
receiver_loso_18,1829,T3A,"[0.05, 20]",3,source_validation,0.5398527021000084,0.5600298839686388,False,0.7860479736448883
receiver_loso_18,1829,EMB_STD,"[0.05, 20]",3,source_validation,0.5407727778327697,0.659307900449852,False,1.7877012823446754
receiver_loso_18,1829,SAR_GN,"[0.05, 20]",3,source_validation,0.5594245826711517,0.6611561491186618,False,1.7045523015310204
receiver_loso_18,2829,P0,"[0.05, 20]",3,source_validation,0.6345112417249502,0.8219988779532995,False,1.946413841363696
receiver_loso_18,2829,P2,"[0.05, 20]",3,source_validation,0.6433056056896916,0.8106219779215994,False,1.9361476678748817
receiver_loso_18,2829,T3A,"[0.05, 20]",3,source_validation,0.6475963742488965,0.6476055492499048,False,1.004642703239107
receiver_loso_18,2829,EMB_STD,"[0.05, 20]",3,source_validation,0.5878990037457285,0.7674982497491598,False,1.9645402946881418
receiver_loso_18,2829,SAR_GN,"[0.05, 20]",3,source_validation,0.6344608059503275,0.8220808012390443,False,1.946732100960512
receiver_loso_18,3829,P0,"[0.05, 20]",3,source_validation,0.6855037767583667,0.8376901621370868,False,1.8387140755175049
receiver_loso_18,3829,P2,"[0.05, 20]",3,source_validation,0.567022219352905,0.822428419499801,False,2.3561420629572205
receiver_loso_18,3829,T3A,"[0.05, 20]",3,source_validation,0.7136257050600815,0.7317523982215245,False,0.8007559003217262
receiver_loso_18,3829,EMB_STD,"[0.05, 20]",3,source_validation,0.6399038642081988,0.7992498395031924,False,1.9018923648044979
receiver_loso_18,3829,SAR_GN,"[0.05, 20]",3,source_validation,0.6855037767583667,0.8376901621370868,False,1.8387140755175049
receiver_loso_18,4829,P0,"[0.05, 20]",3,source_validation,0.5727103361038145,0.6892346991285486,False,1.7841234488967974
receiver_loso_18,4829,P2,"[0.05, 20]",3,source_validation,0.5944560147032004,0.8223688131008693,False,2.234886862814576
receiver_loso_18,4829,T3A,"[0.05, 20]",3,source_validation,0.5908278385880018,0.6158562082089,False,0.7706373479581221
receiver_loso_18,4829,EMB_STD,"[0.05, 20]",3,source_validation,0.5924238853661161,0.8019386102165683,False,2.102276006380495
receiver_loso_18,4829,SAR_GN,"[0.05, 20]",3,source_validation,0.5727103361038145,0.6892346991285486,False,1.7841234488967974
receiver_loso_19,829,P0,"[0.05, 20]",3,source_validation,0.5712978744067284,0.6809049933439116,False,1.671285824298476
receiver_loso_19,829,P2,"[0.05, 20]",3,source_validation,0.641864146602681,1.0759653014709238,False,2.7277415251655523
receiver_loso_19,829,T3A,"[0.05, 20]",3,source_validation,0.4789110722909114,0.5437995634425496,False,0.641842772396937
receiver_loso_19,829,EMB_STD,"[0.05, 20]",3,source_validation,0.5419028982732258,0.6606307821708403,False,1.738420014200965
receiver_loso_19,829,SAR_GN,"[0.05, 20]",3,source_validation,0.5714493928263423,0.6812558610548901,False,1.6718849486623988
receiver_loso_19,1829,P0,"[0.05, 20]",3,source_validation,0.5937080503771862,0.7756166291370906,False,1.9420986894360548
receiver_loso_19,1829,P2,"[0.05, 20]",3,source_validation,0.6710264934985206,1.127958923063024,False,2.7014970368160123
receiver_loso_19,1829,T3A,"[0.05, 20]",3,source_validation,0.4605342119356428,0.47370611202914276,False,0.8207394513970984
receiver_loso_19,1829,EMB_STD,"[0.05, 20]",3,source_validation,0.5562024917594729,0.7501701480452709,False,2.0347317711775665
receiver_loso_19,1829,SAR_GN,"[0.05, 20]",3,source_validation,0.5937080503771862,0.7756166291370906,False,1.9420986894360548
receiver_loso_19,2829,P0,"[0.05, 20]",3,source_validation,0.6566270203237864,0.8198368057297412,False,1.8492248970726224
receiver_loso_19,2829,P2,"[0.05, 20]",3,source_validation,0.7140633768419602,0.9495149620706753,False,2.055473993403416
receiver_loso_19,2829,T3A,"[0.05, 20]",3,source_validation,0.5486382888759597,0.5657962237241317,False,0.8031689207785297
receiver_loso_19,2829,EMB_STD,"[0.05, 20]",3,source_validation,0.6352235175288282,0.8320362813499239,False,1.9727116174716754
receiver_loso_19,2829,SAR_GN,"[0.05, 20]",3,source_validation,0.6566063017935125,0.8199603115785162,False,1.8495762407362497
receiver_loso_19,3829,P0,"[0.05, 20]",3,source_validation,0.6861127614685145,0.9264949422105898,False,2.093316061419061
receiver_loso_19,3829,P2,"[0.05, 20]",3,source_validation,0.6368982209766868,0.8841518716953409,False,2.1257888207884217
receiver_loso_19,3829,T3A,"[0.05, 20]",3,source_validation,0.5351381065333086,0.5834808258417785,False,0.6833115633983736
receiver_loso_19,3829,EMB_STD,"[0.05, 20]",3,source_validation,0.6647692950789862,0.957941121110749,False,2.2826232699194273
receiver_loso_19,3829,SAR_GN,"[0.05, 20]",3,source_validation,0.6861127614685145,0.9264949422105898,False,2.093316061419061
receiver_loso_19,4829,P0,"[0.05, 20]",3,source_validation,0.5477390276712989,0.6592924770217365,False,1.7314850924975553
receiver_loso_19,4829,P2,"[0.05, 20]",3,source_validation,0.581757503795962,0.7902619272059814,False,2.1123673246132304
receiver_loso_19,4829,T3A,"[0.05, 20]",3,source_validation,0.4441950045729133,0.49033477242948775,False,0.6713619146291776
receiver_loso_19,4829,EMB_STD,"[0.05, 20]",3,source_validation,0.4982739033245469,0.6128186754231161,False,1.7688962602046887
receiver_loso_19,4829,SAR_GN,"[0.05, 20]",3,source_validation,0.5477390276712989,0.6592924770217365,False,1.7314850924975553
receiver_loso_20,829,P0,"[0.05, 20]",3,source_validation,0.3479406062725891,0.35047212562433466,False,1.1070588949216862
receiver_loso_20,829,P2,"[0.05, 20]",3,source_validation,0.31907798851046615,0.36257614457282944,False,1.6082331249672386
receiver_loso_20,829,T3A,"[0.05, 20]",3,source_validation,0.25738151733413395,0.45352276997231233,False,0.4169808045473063
receiver_loso_20,829,EMB_STD,"[0.05, 20]",3,source_validation,0.2970903041837362,0.3038468918840644,False,1.190122837823599
receiver_loso_20,829,SAR_GN,"[0.05, 20]",3,source_validation,0.3479103868914925,0.35044403603963065,False,1.1071059766521456
receiver_loso_20,1829,P0,"[0.05, 20]",3,source_validation,0.46564044014743394,0.5513374669195742,False,1.7185062159371463
receiver_loso_20,1829,P2,"[0.05, 20]",3,source_validation,0.3891967215558336,0.46036396441521266,False,1.7502302498379905
receiver_loso_20,1829,T3A,"[0.05, 20]",3,source_validation,0.3183983982735648,0.3932267039142053,False,0.5778911192234943
receiver_loso_20,1829,EMB_STD,"[0.05, 20]",3,source_validation,0.4209024068365769,0.518534049713056,False,1.8044187482101683
receiver_loso_20,1829,SAR_GN,"[0.05, 20]",3,source_validation,0.46564044014743394,0.5513374669195742,False,1.7185062159371463
receiver_loso_20,2829,P0,"[0.05, 20]",3,source_validation,0.350776198268652,0.37001800438504495,False,1.339825212200996
receiver_loso_20,2829,P2,"[0.05, 20]",3,source_validation,0.35247148362458497,0.41371040300239653,False,1.7212710839452563
receiver_loso_20,2829,T3A,"[0.05, 20]",3,source_validation,0.23196443739842823,0.34517792004295034,False,0.48883120817548836
receiver_loso_20,2829,EMB_STD,"[0.05, 20]",3,source_validation,0.2942265997009866,0.3164684773245052,False,1.3872976322836486
receiver_loso_20,2829,SAR_GN,"[0.05, 20]",3,source_validation,0.350776198268652,0.37001800438504495,False,1.339825212200996
receiver_loso_20,3829,P0,"[0.05, 20]",3,source_validation,0.4951231206871403,0.5292074116638449,False,1.4182164437069917
receiver_loso_20,3829,P2,"[0.05, 20]",3,source_validation,0.39734815853063865,0.4601258640116339,False,1.7032960988416683
receiver_loso_20,3829,T3A,"[0.05, 20]",3,source_validation,0.33442164741990954,0.5117844050567378,False,0.44768354015667233
receiver_loso_20,3829,EMB_STD,"[0.05, 20]",3,source_validation,0.4304241863036442,0.46755823282193226,False,1.4471832265295905
receiver_loso_20,3829,SAR_GN,"[0.05, 20]",3,source_validation,0.4951231206871403,0.5292074116638449,False,1.4182164437069917
receiver_loso_20,4829,P0,"[0.05, 20]",3,source_validation,0.4445355822993215,0.5092742422885196,False,1.6142646382783905
receiver_loso_20,4829,P2,"[0.05, 20]",3,source_validation,0.4100969261025433,0.5386054663053823,False,2.051409964200991
receiver_loso_20,4829,T3A,"[0.05, 20]",3,source_validation,0.3268011365411721,0.40917595756894337,False,0.575354277085211
receiver_loso_20,4829,EMB_STD,"[0.05, 20]",3,source_validation,0.39010430930291634,0.4553348757020492,False,1.6510059758663698
receiver_loso_20,4829,SAR_GN,"[0.05, 20]",3,source_validation,0.4445355822993215,0.5092742422885196,False,1.6142646382783905
receiver_loso_21,829,P0,"[0.05, 20]",3,source_validation,0.5367843525029786,0.607337574195678,False,1.5808977924057857
receiver_loso_21,829,P2,"[0.05, 20]",3,source_validation,0.49223928960596214,0.6944498032742276,False,2.21244163286458
receiver_loso_21,829,T3A,"[0.05, 20]",3,source_validation,0.5088386000941917,0.5655445100268507,False,0.6512821687183815
receiver_loso_21,829,EMB_STD,"[0.05, 20]",3,source_validation,0.5111964690080064,0.6147697661031825,False,1.743004674839757
receiver_loso_21,829,SAR_GN,"[0.05, 20]",3,source_validation,0.5367843525029786,0.607337574195678,False,1.5808977924057857
receiver_loso_21,1829,P0,"[0.05, 20]",3,source_validation,0.42249449966862634,0.4936244343388987,False,1.6550670386426578
receiver_loso_21,1829,P2,"[0.05, 20]",3,source_validation,0.4484381158657482,0.5282696732862538,False,1.7115707124159505
receiver_loso_21,1829,T3A,"[0.05, 20]",3,source_validation,0.40170035568229395,0.43248002664852275,False,0.7361619409098857
receiver_loso_21,1829,EMB_STD,"[0.05, 20]",3,source_validation,0.40928414180704276,0.5106550295184284,False,1.8035412092240475
receiver_loso_21,1829,SAR_GN,"[0.05, 20]",3,source_validation,0.42249449966862634,0.4936244343388987,False,1.6550670386426578
receiver_loso_21,2829,P0,"[0.05, 20]",3,source_validation,0.523387014138086,0.56230048368668,False,1.394794039158817
receiver_loso_21,2829,P2,"[0.05, 20]",3,source_validation,0.453175197190427,0.5749950524330485,False,1.9336820377855264
receiver_loso_21,2829,T3A,"[0.05, 20]",3,source_validation,0.5132509325417601,0.5760384005397494,False,0.6581437554084806
receiver_loso_21,2829,EMB_STD,"[0.05, 20]",3,source_validation,0.5281169950021847,0.6024459189991304,False,1.5691282106696502
receiver_loso_21,2829,SAR_GN,"[0.05, 20]",3,source_validation,0.523387014138086,0.56230048368668,False,1.394794039158817
receiver_loso_21,3829,P0,"[0.05, 20]",3,source_validation,0.5358674973313438,0.5638919524485345,False,1.3340332571108044
receiver_loso_21,3829,P2,"[0.05, 20]",3,source_validation,0.4232883492862854,0.467933726821444,False,1.4962681787922358
receiver_loso_21,3829,T3A,"[0.05, 20]",3,source_validation,0.4669054795408267,0.6085351028463143,False,0.4949833175779184
receiver_loso_21,3829,EMB_STD,"[0.05, 20]",3,source_validation,0.5283504615208625,0.5799075798472021,False,1.478372725374579
receiver_loso_21,3829,SAR_GN,"[0.05, 20]",3,source_validation,0.5358422275425344,0.5639238433159486,False,1.3344041834855571
receiver_loso_21,4829,P0,"[0.05, 20]",3,source_validation,0.42708587912799495,0.4761512798049022,False,1.5146270457665547
receiver_loso_21,4829,P2,"[0.05, 20]",3,source_validation,0.4328469509488464,0.5378377161758249,False,1.8307851817103562
receiver_loso_21,4829,T3A,"[0.05, 20]",3,source_validation,0.3953190552138596,0.4477922853929572,False,0.6661280413816133
receiver_loso_21,4829,EMB_STD,"[0.05, 20]",3,source_validation,0.4325262425343898,0.5196918061786374,False,1.7127613929304828
receiver_loso_21,4829,SAR_GN,"[0.05, 20]",3,source_validation,0.42708587912799495,0.4761512798049022,False,1.5146270457665547
receiver_loso_22,829,P0,"[0.05, 20]",3,source_validation,0.5319637029935108,0.6260498908904292,False,1.655086683129714
receiver_loso_22,829,P2,"[0.05, 20]",3,source_validation,0.48734271216856256,0.6807174999365163,False,2.142397638132326
receiver_loso_22,829,T3A,"[0.05, 20]",3,source_validation,0.43146992510803184,0.48383857747599707,False,0.6671429662457299
receiver_loso_22,829,EMB_STD,"[0.05, 20]",3,source_validation,0.44643162622073906,0.5207216255459707,False,1.6112407418945451
receiver_loso_22,829,SAR_GN,"[0.05, 20]",3,source_validation,0.5319637029935108,0.6260498908904292,False,1.655086683129714
receiver_loso_22,1829,P0,"[0.05, 20]",3,source_validation,0.4059687647871301,0.4916263048685752,False,1.720802727793594
receiver_loso_22,1829,P2,"[0.05, 20]",3,source_validation,0.4917727445997982,0.6358796939452379,False,1.9432818709282327
receiver_loso_22,1829,T3A,"[0.05, 20]",3,source_validation,0.3528334400536493,0.3863656116607106,False,0.7212291179661112
receiver_loso_22,1829,EMB_STD,"[0.05, 20]",3,source_validation,0.3746160132910814,0.47373126827206263,False,1.8090808017007172
receiver_loso_22,1829,SAR_GN,"[0.05, 20]",3,source_validation,0.4059687647871301,0.4916263048685752,False,1.720802727793594
receiver_loso_22,2829,P0,"[0.05, 20]",3,source_validation,0.43809196355911567,0.5172155793866138,False,1.653476524483412
receiver_loso_22,2829,P2,"[0.05, 20]",3,source_validation,0.4566926317546555,0.5785232335375889,False,1.861642020986298
receiver_loso_22,2829,T3A,"[0.05, 20]",3,source_validation,0.3815304363891918,0.4170781409229248,False,0.7238095893445348
receiver_loso_22,2829,EMB_STD,"[0.05, 20]",3,source_validation,0.3975371141539646,0.4816301159144909,False,1.7046050020384511
receiver_loso_22,2829,SAR_GN,"[0.05, 20]",3,source_validation,0.43809196355911567,0.5172155793866138,False,1.653476524483412
receiver_loso_22,3829,P0,"[0.05, 20]",3,source_validation,0.419603611257227,0.4772034326792341,False,1.5543080864543763
receiver_loso_22,3829,P2,"[0.05, 20]",3,source_validation,0.4251629548035492,0.6226013028947532,False,2.2765570454125896
receiver_loso_22,3829,T3A,"[0.05, 20]",3,source_validation,0.37684023555655194,0.45676760942801037,False,0.6070569997987819
receiver_loso_22,3829,EMB_STD,"[0.05, 20]",3,source_validation,0.4101432065313297,0.5004983016843828,False,1.7282445593108533
receiver_loso_22,3829,SAR_GN,"[0.05, 20]",3,source_validation,0.419603611257227,0.4772034326792341,False,1.5543080864543763
receiver_loso_22,4829,P0,"[0.05, 20]",3,source_validation,0.4573357539913352,0.48929828480421983,False,1.3741389317577473
receiver_loso_22,4829,P2,"[0.05, 20]",3,source_validation,0.4666024936506887,0.6129880026820945,False,1.9615949940819581
receiver_loso_22,4829,T3A,"[0.05, 20]",3,source_validation,0.398174571159647,0.4822880104970649,False,0.6019643347457486
receiver_loso_22,4829,EMB_STD,"[0.05, 20]",3,source_validation,0.4577703203341467,0.5125003206388185,False,1.5054573609037178
receiver_loso_22,4829,SAR_GN,"[0.05, 20]",3,source_validation,0.4572090011709691,0.48915126031351813,False,1.3740340066027994
receiver_loso_23,829,P0,"[0.05, 20]",3,source_validation,0.5717792877794442,0.6697193269010895,False,1.6674491963471725
receiver_loso_23,829,P2,"[0.05, 20]",3,source_validation,0.4886979738372246,0.6882574236193274,False,2.2299750064036004
receiver_loso_23,829,T3A,"[0.05, 20]",3,source_validation,0.49070844045516676,0.5425599978709565,False,0.6662782721477736
receiver_loso_23,829,EMB_STD,"[0.05, 20]",3,source_validation,0.5507476177990043,0.6706968624992525,False,1.791370365128409
receiver_loso_23,829,SAR_GN,"[0.05, 20]",3,source_validation,0.5719958522899713,0.6702452744227895,False,1.6684778874324768
receiver_loso_23,1829,P0,"[0.05, 20]",3,source_validation,0.5130280888863977,0.6152473667456132,False,1.7370832456481466
receiver_loso_23,1829,P2,"[0.05, 20]",3,source_validation,0.5458395581790504,0.7311652877807059,False,2.1479693866410834
receiver_loso_23,1829,T3A,"[0.05, 20]",3,source_validation,0.428023029780322,0.4782246588647609,False,0.6607757695240126
receiver_loso_23,1829,EMB_STD,"[0.05, 20]",3,source_validation,0.48897226706913094,0.6128574504710479,False,1.869417360464289
receiver_loso_23,1829,SAR_GN,"[0.05, 20]",3,source_validation,0.5130280888863977,0.6152473667456132,False,1.7370832456481466
receiver_loso_23,2829,P0,"[0.05, 20]",3,source_validation,0.4650133666988678,0.5165904727423768,False,1.5073086610626896
receiver_loso_23,2829,P2,"[0.05, 20]",3,source_validation,0.5662027004197737,0.8070933109052234,False,2.310666013629437
receiver_loso_23,2829,T3A,"[0.05, 20]",3,source_validation,0.4098494588388784,0.49281207459966464,False,0.5883370608399836
receiver_loso_23,2829,EMB_STD,"[0.05, 20]",3,source_validation,0.4617504185711385,0.526285748380227,False,1.5828272041704936
receiver_loso_23,2829,SAR_GN,"[0.05, 20]",3,source_validation,0.4650133666988678,0.5165904727423768,False,1.5073086610626896
receiver_loso_23,3829,P0,"[0.05, 20]",3,source_validation,0.6348399815315942,0.7280150744733352,False,1.6561313374754476
receiver_loso_23,3829,P2,"[0.05, 20]",3,source_validation,0.5826481586206486,0.7534234432607408,False,2.018222624217778
receiver_loso_23,3829,T3A,"[0.05, 20]",3,source_validation,0.550260591232501,0.643501542888664,False,0.5764693470692457
receiver_loso_23,3829,EMB_STD,"[0.05, 20]",3,source_validation,0.5898599685142686,0.6962693586195835,False,1.7404999630782803
receiver_loso_23,3829,SAR_GN,"[0.05, 20]",3,source_validation,0.635228872732107,0.7288640655990237,False,1.657752036413381
receiver_loso_23,4829,P0,"[0.05, 20]",3,source_validation,0.48491298212548606,0.5569587597804343,False,1.618491322170569
receiver_loso_23,4829,P2,"[0.05, 20]",3,source_validation,0.6558124915430515,0.8551493364579992,False,2.032751226840729
receiver_loso_23,4829,T3A,"[0.05, 20]",3,source_validation,0.41713936126374235,0.4742571177226486,False,0.6397720676615064
receiver_loso_23,4829,EMB_STD,"[0.05, 20]",3,source_validation,0.4770779247877818,0.5782150629455155,False,1.7746194741032033
receiver_loso_23,4829,SAR_GN,"[0.05, 20]",3,source_validation,0.48491298212548606,0.5569587597804343,False,1.618491322170569
receiver_loso_24,829,P0,"[0.05, 20]",3,source_validation,0.2762021641527853,0.280229602217903,False,1.1562644597327343
receiver_loso_24,829,P2,"[0.05, 20]",3,source_validation,0.3529065546443735,0.41024180788292197,False,1.6869222577412855
receiver_loso_24,829,T3A,"[0.05, 20]",3,source_validation,0.26115690778315065,0.3739263046435805,False,0.5121034717968423
receiver_loso_24,829,EMB_STD,"[0.05, 20]",3,source_validation,0.2605953005169947,0.26926924509432953,False,1.2421740382524609
receiver_loso_24,829,SAR_GN,"[0.05, 20]",3,source_validation,0.2762021641527853,0.280229602217903,False,1.1562644597327343
receiver_loso_24,1829,P0,"[0.05, 20]",3,source_validation,0.3267707069740163,0.35415773011227136,False,1.4349523779924664
receiver_loso_24,1829,P2,"[0.05, 20]",3,source_validation,0.33559073326478756,0.3696240144144633,False,1.539778657531535
receiver_loso_24,1829,T3A,"[0.05, 20]",3,source_validation,0.3032040032609842,0.37516290523742457,False,0.5882549291714243
receiver_loso_24,1829,EMB_STD,"[0.05, 20]",3,source_validation,0.3244524839814949,0.3738485638081799,False,1.6055569685954543
receiver_loso_24,1829,SAR_GN,"[0.05, 20]",3,source_validation,0.3267707069740163,0.35415773011227136,False,1.4349523779924664
receiver_loso_24,2829,P0,"[0.05, 20]",3,source_validation,0.2636531420308022,0.27389953661989,False,1.2687298063959764
receiver_loso_24,2829,P2,"[0.05, 20]",3,source_validation,0.33259534572161925,0.3809194760959236,False,1.6453772478335704
receiver_loso_24,2829,T3A,"[0.05, 20]",3,source_validation,0.2403111240482123,0.3033470622470136,False,0.6158654114584347
receiver_loso_24,2829,EMB_STD,"[0.05, 20]",3,source_validation,0.2566937952844596,0.2769286658507936,False,1.390738539825211
receiver_loso_24,2829,SAR_GN,"[0.05, 20]",3,source_validation,0.2636531420308022,0.27389953661989,False,1.2687298063959764
receiver_loso_24,3829,P0,"[0.05, 20]",3,source_validation,0.434418254215401,0.4999240342999797,False,1.635778377540987
receiver_loso_24,3829,P2,"[0.05, 20]",3,source_validation,0.34107872769120734,0.40793539235331727,False,1.775041009206862
receiver_loso_24,3829,T3A,"[0.05, 20]",3,source_validation,0.3706308150364546,0.4441874803793933,False,0.5986120319888554
receiver_loso_24,3829,EMB_STD,"[0.05, 20]",3,source_validation,0.4157518825455188,0.49774177533734393,False,1.752993394099483
receiver_loso_24,3829,SAR_GN,"[0.05, 20]",3,source_validation,0.434418254215401,0.4999240342999797,False,1.635778377540987
receiver_loso_24,4829,P0,"[0.05, 20]",3,source_validation,0.2560441162376775,0.268664681165896,False,1.3076447824061932
receiver_loso_24,4829,P2,"[0.05, 20]",3,source_validation,0.3004406373060929,0.34869293517802774,False,1.7196926827915247
receiver_loso_24,4829,T3A,"[0.05, 20]",3,source_validation,0.27768945808085593,0.3354169438163215,False,0.638008235326313
receiver_loso_24,4829,EMB_STD,"[0.05, 20]",3,source_validation,0.2699310764395369,0.3051747682312705,False,1.5217496788537632
receiver_loso_24,4829,SAR_GN,"[0.05, 20]",3,source_validation,0.2560441162376775,0.268664681165896,False,1.3076447824061932
receiver_loso_25,829,P0,"[0.05, 20]",3,source_validation,0.41534025404304825,0.4943873669569971,False,1.6472422097454753
receiver_loso_25,829,P2,"[0.05, 20]",3,source_validation,0.4253045774784003,0.6134953031090972,False,2.1974577211513804
receiver_loso_25,829,T3A,"[0.05, 20]",3,source_validation,0.3282901944241126,0.36957516302745425,False,0.6752050778832457
receiver_loso_25,829,EMB_STD,"[0.05, 20]",3,source_validation,0.36749329610041065,0.4325986841356364,False,1.607778954185003
receiver_loso_25,829,SAR_GN,"[0.05, 20]",3,source_validation,0.41534025404304825,0.4943873669569971,False,1.6472422097454753
receiver_loso_25,1829,P0,"[0.05, 20]",3,source_validation,0.3277103736738631,0.3461155621314314,False,1.3183602560853793
receiver_loso_25,1829,P2,"[0.05, 20]",3,source_validation,0.38233778653404116,0.5332780659025903,False,2.1268493239293043
receiver_loso_25,1829,T3A,"[0.05, 20]",3,source_validation,0.28008049921900663,0.3605949462213056,False,0.5694598708754927
receiver_loso_25,1829,EMB_STD,"[0.05, 20]",3,source_validation,0.3289829438608034,0.36065029742827326,False,1.4348702110108316
receiver_loso_25,1829,SAR_GN,"[0.05, 20]",3,source_validation,0.3277103736738631,0.3461155621314314,False,1.3183602560853793
receiver_loso_25,2829,P0,"[0.05, 20]",3,source_validation,0.3954181102379242,0.4625025815302357,False,1.6203272430266795
receiver_loso_25,2829,P2,"[0.05, 20]",3,source_validation,0.41804494538330156,0.6141242263369844,False,2.206118978678542
receiver_loso_25,2829,T3A,"[0.05, 20]",3,source_validation,0.3050521112312485,0.36575904670494225,False,0.6226101221526891
receiver_loso_25,2829,EMB_STD,"[0.05, 20]",3,source_validation,0.3717174166691384,0.44253759057481584,False,1.660259021272382
receiver_loso_25,2829,SAR_GN,"[0.05, 20]",3,source_validation,0.3955639401679118,0.4628554736008233,False,1.621199924939719
receiver_loso_25,3829,P0,"[0.05, 20]",3,source_validation,0.42562343756865656,0.5008999977951599,False,1.6406218451783652
receiver_loso_25,3829,P2,"[0.05, 20]",3,source_validation,0.3458371411723425,0.423340338306701,False,1.7590235636510745
receiver_loso_25,3829,T3A,"[0.05, 20]",3,source_validation,0.39047338337908616,0.44305624832389073,False,0.658191735516277
receiver_loso_25,3829,EMB_STD,"[0.05, 20]",3,source_validation,0.40315165731776087,0.48321834518041507,False,1.686193402484002
receiver_loso_25,3829,SAR_GN,"[0.05, 20]",3,source_validation,0.42562343756865656,0.5008999977951599,False,1.6406218451783652
receiver_loso_25,4829,P0,"[0.05, 20]",3,source_validation,0.4494863253628956,0.5110349340241099,False,1.5463597912318456
receiver_loso_25,4829,P2,"[0.05, 20]",3,source_validation,0.4494145354035253,0.5978043746708556,False,1.9773530611200387
receiver_loso_25,4829,T3A,"[0.05, 20]",3,source_validation,0.3956383272155819,0.45742977483873554,False,0.638181071839373
receiver_loso_25,4829,EMB_STD,"[0.05, 20]",3,source_validation,0.4284442577640098,0.512829463776243,False,1.6669314317512811
receiver_loso_25,4829,SAR_GN,"[0.05, 20]",3,source_validation,0.4494863253628956,0.5110349340241099,False,1.5463597912318456
receiver_loso_26,829,P0,"[0.05, 20]",3,source_validation,0.6502073647896681,0.797120630246919,False,1.817328851687779
receiver_loso_26,829,P2,"[0.05, 20]",3,source_validation,0.5817525115502041,0.9330155558938337,False,2.6092535079951733
receiver_loso_26,829,T3A,"[0.05, 20]",3,source_validation,0.5473489379084854,0.5671400369578596,False,0.7918388638543217
receiver_loso_26,829,EMB_STD,"[0.05, 20]",3,source_validation,0.5999805876462817,0.763489586923226,False,1.9214845244092862
receiver_loso_26,829,SAR_GN,"[0.05, 20]",3,source_validation,0.65010688198733,0.7969864165752715,False,1.817216076459988
receiver_loso_26,1829,P0,"[0.05, 20]",3,source_validation,0.6487637524723452,0.7723864234087392,False,1.7525140626624185
receiver_loso_26,1829,P2,"[0.05, 20]",3,source_validation,0.6876955205417236,0.9277210232602585,False,2.215727560096779
receiver_loso_26,1829,T3A,"[0.05, 20]",3,source_validation,0.5337654659700367,0.5608455877790012,False,0.7582556135863551
receiver_loso_26,1829,EMB_STD,"[0.05, 20]",3,source_validation,0.5947563522590504,0.7349951479732283,False,1.8562948854040626
receiver_loso_26,1829,SAR_GN,"[0.05, 20]",3,source_validation,0.6487637524723452,0.7723864234087392,False,1.7525140626624185
receiver_loso_26,2829,P0,"[0.05, 20]",3,source_validation,0.5696407979755143,0.6509461202627752,False,1.6158510409130293
receiver_loso_26,2829,P2,"[0.05, 20]",3,source_validation,0.6042675998733885,0.7989771059136581,False,2.1226231876655794
receiver_loso_26,2829,T3A,"[0.05, 20]",3,source_validation,0.49754456665428237,0.529761512178505,False,0.729630803750869
receiver_loso_26,2829,EMB_STD,"[0.05, 20]",3,source_validation,0.5417338947530627,0.6444540985341362,False,1.7341436122241662
receiver_loso_26,2829,SAR_GN,"[0.05, 20]",3,source_validation,0.5696407979755143,0.6509461202627752,False,1.6158510409130293
receiver_loso_26,3829,P0,"[0.05, 20]",3,source_validation,0.6994359799715708,0.8492904689799413,False,1.8259548351953059
receiver_loso_26,3829,P2,"[0.05, 20]",3,source_validation,0.5869947881906495,0.764898057720063,False,2.0383967468993527
receiver_loso_26,3829,T3A,"[0.05, 20]",3,source_validation,0.6557164246266848,0.6757146250241121,False,0.7965161762440834
receiver_loso_26,3829,EMB_STD,"[0.05, 20]",3,source_validation,0.6404856831107627,0.8263895988841261,False,1.970951109868697
receiver_loso_26,3829,SAR_GN,"[0.05, 20]",3,source_validation,0.6997728550373822,0.8500611704953918,False,1.827169618724805
receiver_loso_26,4829,P0,"[0.05, 20]",3,source_validation,0.601114415881271,0.7114352309175564,False,1.7253150141049336
receiver_loso_26,4829,P2,"[0.05, 20]",3,source_validation,0.7174860464868241,1.0327252526623394,False,2.4158180147119004
receiver_loso_26,4829,T3A,"[0.05, 20]",3,source_validation,0.5109763191838818,0.5486208966115133,False,0.7218495534124425
receiver_loso_26,4829,EMB_STD,"[0.05, 20]",3,source_validation,0.5306454359968122,0.6377503160628355,False,1.7618609739292246
receiver_loso_26,4829,SAR_GN,"[0.05, 20]",3,source_validation,0.601114415881271,0.7114352309175564,False,1.7253150141049336
receiver_loso_27,829,P0,"[0.05, 20]",3,source_validation,0.3559918134249522,0.38225192905202565,False,1.3769310963194081
receiver_loso_27,829,P2,"[0.05, 20]",3,source_validation,0.3509789232402703,0.386615023206903,False,1.4581763604487987
receiver_loso_27,829,T3A,"[0.05, 20]",3,source_validation,0.30273976819307663,0.372194554946444,False,0.5916232899136027
receiver_loso_27,829,EMB_STD,"[0.05, 20]",3,source_validation,0.3094714612724196,0.331353778987739,False,1.3562175648033632
receiver_loso_27,829,SAR_GN,"[0.05, 20]",3,source_validation,0.3559918134249522,0.38225192905202565,False,1.3769310963194081
receiver_loso_27,1829,P0,"[0.05, 20]",3,source_validation,0.3038789851644612,0.35266918092252536,False,1.5906367659633929
receiver_loso_27,1829,P2,"[0.05, 20]",3,source_validation,0.3326251789907118,0.4128247877192217,False,1.8626280759148581
receiver_loso_27,1829,T3A,"[0.05, 20]",3,source_validation,0.290497780170539,0.3067279227683637,False,0.7874414631123171
receiver_loso_27,1829,EMB_STD,"[0.05, 20]",3,source_validation,0.28715667415683466,0.33851811756858424,False,1.6153175725398832
receiver_loso_27,1829,SAR_GN,"[0.05, 20]",3,source_validation,0.3038789851644612,0.35266918092252536,False,1.5906367659633929
receiver_loso_27,2829,P0,"[0.05, 20]",3,source_validation,0.3123281268558055,0.3396296711870906,False,1.403282673252358
receiver_loso_27,2829,P2,"[0.05, 20]",3,source_validation,0.3098708797793884,0.38736953238749977,False,1.8459257607345683
receiver_loso_27,2829,T3A,"[0.05, 20]",3,source_validation,0.2789813469569758,0.3211799976307342,False,0.6738298089019804
receiver_loso_27,2829,EMB_STD,"[0.05, 20]",3,source_validation,0.2832839139881383,0.30433418364885007,False,1.3542510119978401
receiver_loso_27,2829,SAR_GN,"[0.05, 20]",3,source_validation,0.3123281268558055,0.3396296711870906,False,1.403282673252358
receiver_loso_27,3829,P0,"[0.05, 20]",3,source_validation,0.38739187301514216,0.46131698505962476,False,1.6931570968911047
receiver_loso_27,3829,P2,"[0.05, 20]",3,source_validation,0.3430081862466199,0.45405933799467996,False,2.01853440837429
receiver_loso_27,3829,T3A,"[0.05, 20]",3,source_validation,0.3494130504031044,0.411575289089172,False,0.6055702404150519
receiver_loso_27,3829,EMB_STD,"[0.05, 20]",3,source_validation,0.37704537183368164,0.46305365734449283,False,1.7555735393796859
receiver_loso_27,3829,SAR_GN,"[0.05, 20]",3,source_validation,0.38739187301514216,0.46131698505962476,False,1.6931570968911047
receiver_loso_27,4829,P0,"[0.05, 20]",3,source_validation,0.2941475797721635,0.3215936808035276,False,1.4282041054562706
receiver_loso_27,4829,P2,"[0.05, 20]",3,source_validation,0.32081641856034787,0.43295666740963323,False,2.053698277938291
receiver_loso_27,4829,T3A,"[0.05, 20]",3,source_validation,0.2847779026036513,0.33300001541301893,False,0.6546530796405479
receiver_loso_27,4829,EMB_STD,"[0.05, 20]",3,source_validation,0.28114996013797006,0.3157183276018761,False,1.4873515323396136
receiver_loso_27,4829,SAR_GN,"[0.05, 20]",3,source_validation,0.2941475797721635,0.3215936808035276,False,1.4282041054562706
receiver_loso_28,829,P0,"[0.05, 20]",3,source_validation,0.44183649191754665,0.48206579276019146,False,1.4563317779319478
receiver_loso_28,829,P2,"[0.05, 20]",3,source_validation,0.40820665178482934,0.5133303077886398,False,1.883672616097407
receiver_loso_28,829,T3A,"[0.05, 20]",3,source_validation,0.39626524745489666,0.46299760617321845,False,0.6163042369327275
receiver_loso_28,829,EMB_STD,"[0.05, 20]",3,source_validation,0.44783790335564855,0.5108737871507493,False,1.5927328998508894
receiver_loso_28,829,SAR_GN,"[0.05, 20]",3,source_validation,0.44183649191754665,0.48206579276019146,False,1.4563317779319478
receiver_loso_28,1829,P0,"[0.05, 20]",3,source_validation,0.3545390153202644,0.3853838074710983,False,1.4309100955469576
receiver_loso_28,1829,P2,"[0.05, 20]",3,source_validation,0.4866810546531914,0.6573159587028181,False,2.1238269149857274
receiver_loso_28,1829,T3A,"[0.05, 20]",3,source_validation,0.338511396139982,0.3991294564426849,False,0.6321431221383935
receiver_loso_28,1829,EMB_STD,"[0.05, 20]",3,source_validation,0.3553530786374918,0.40159271427785787,False,1.5347278881886097
receiver_loso_28,1829,SAR_GN,"[0.05, 20]",3,source_validation,0.3545390153202644,0.3853838074710983,False,1.4309100955469576
receiver_loso_28,2829,P0,"[0.05, 20]",3,source_validation,0.47096362335232805,0.5175021413935514,False,1.461714009285762
receiver_loso_28,2829,P2,"[0.05, 20]",3,source_validation,0.4352946677622314,0.5783703261478254,False,2.0744769426279266
receiver_loso_28,2829,T3A,"[0.05, 20]",3,source_validation,0.41387935622709476,0.4645848989905314,False,0.6671262578299586
receiver_loso_28,2829,EMB_STD,"[0.05, 20]",3,source_validation,0.4631251087362552,0.5186401384835905,False,1.5169364380097925
receiver_loso_28,2829,SAR_GN,"[0.05, 20]",3,source_validation,0.47096362335232805,0.5175021413935514,False,1.461714009285762
receiver_loso_28,3829,P0,"[0.05, 20]",3,source_validation,0.48135996780463364,0.544251944344703,False,1.5927697635250235
receiver_loso_28,3829,P2,"[0.05, 20]",3,source_validation,0.3978386543089767,0.5102250495820297,False,1.9793525209885603
receiver_loso_28,3829,T3A,"[0.05, 20]",3,source_validation,0.43167255040958524,0.47496143924814743,False,0.6823317674578635
receiver_loso_28,3829,EMB_STD,"[0.05, 20]",3,source_validation,0.46442588369314336,0.5531936840139416,False,1.7451890267403933
receiver_loso_28,3829,SAR_GN,"[0.05, 20]",3,source_validation,0.48135996780463364,0.544251944344703,False,1.5927697635250235
receiver_loso_28,4829,P0,"[0.05, 20]",3,source_validation,0.37478883957027537,0.4079363389113237,False,1.4321839085528623
receiver_loso_28,4829,P2,"[0.05, 20]",3,source_validation,0.39576591916767195,0.44845003441415693,False,1.5807137152692696
receiver_loso_28,4829,T3A,"[0.05, 20]",3,source_validation,0.34039503610620153,0.39941791536838095,False,0.6436199582731985
receiver_loso_28,4829,EMB_STD,"[0.05, 20]",3,source_validation,0.35772328710705564,0.4018265904624249,False,1.5120761825946913
receiver_loso_28,4829,SAR_GN,"[0.05, 20]",3,source_validation,0.37478883957027537,0.4079363389113237,False,1.4321839085528623
receiver_loso_29,829,P0,"[0.05, 20]",3,source_validation,0.4431654187013688,0.5325120796844068,False,1.703769511340683
receiver_loso_29,829,P2,"[0.05, 20]",3,source_validation,0.41519474911551796,0.52178182359383,False,1.8495481034778718
receiver_loso_29,829,T3A,"[0.05, 20]",3,source_validation,0.3464679442581791,0.3929969402049758,False,0.6746735438709643
receiver_loso_29,829,EMB_STD,"[0.05, 20]",3,source_validation,0.3858813136933028,0.4720635565943006,False,1.7266664773499136
receiver_loso_29,829,SAR_GN,"[0.05, 20]",3,source_validation,0.4431654187013688,0.5325120796844068,False,1.703769511340683
receiver_loso_29,1829,P0,"[0.05, 20]",3,source_validation,0.3647273808227698,0.42093322180034426,False,1.5858164078041184
receiver_loso_29,1829,P2,"[0.05, 20]",3,source_validation,0.44294508020309453,0.5136858818911947,False,1.6509380296089566
receiver_loso_29,1829,T3A,"[0.05, 20]",3,source_validation,0.30231833093683774,0.3429712902896074,False,0.6805528654281806
receiver_loso_29,1829,EMB_STD,"[0.05, 20]",3,source_validation,0.3287149083960519,0.3874042122082125,False,1.6153661112196271
receiver_loso_29,1829,SAR_GN,"[0.05, 20]",3,source_validation,0.3647273808227698,0.42093322180034426,False,1.5858164078041184
receiver_loso_29,2829,P0,"[0.05, 20]",3,source_validation,0.3707195385976611,0.44203002228788946,False,1.6615567476136726
receiver_loso_29,2829,P2,"[0.05, 20]",3,source_validation,0.3573819168547951,0.5286105361329417,False,2.2778131870901817
receiver_loso_29,2829,T3A,"[0.05, 20]",3,source_validation,0.3043946599589608,0.3553389659003024,False,0.6576557384073581
receiver_loso_29,2829,EMB_STD,"[0.05, 20]",3,source_validation,0.3275059681828165,0.394278608249861,False,1.6592950217243978
receiver_loso_29,2829,SAR_GN,"[0.05, 20]",3,source_validation,0.3707195385976611,0.44203002228788946,False,1.6615567476136726
receiver_loso_29,3829,P0,"[0.05, 20]",3,source_validation,0.43823275800521483,0.5551339990925873,False,1.8582771963727789
receiver_loso_29,3829,P2,"[0.05, 20]",3,source_validation,0.3765025593595877,0.4650744733383552,False,1.7675327291138287
receiver_loso_29,3829,T3A,"[0.05, 20]",3,source_validation,0.3663013498703292,0.39999001077523305,False,0.7107795447367157
receiver_loso_29,3829,EMB_STD,"[0.05, 20]",3,source_validation,0.4099855932976158,0.5354570189761199,False,1.9196075301457263
receiver_loso_29,3829,SAR_GN,"[0.05, 20]",3,source_validation,0.43823275800521483,0.5551339990925873,False,1.8582771963727789
receiver_loso_29,4829,P0,"[0.05, 20]",3,source_validation,0.3972673364120594,0.4251088821211367,False,1.360326651150564
receiver_loso_29,4829,P2,"[0.05, 20]",3,source_validation,0.35168182602122483,0.4620698559178189,False,1.9597313939630236
receiver_loso_29,4829,T3A,"[0.05, 20]",3,source_validation,0.3381229391066452,0.4138704317298849,False,0.6046350699860211
receiver_loso_29,4829,EMB_STD,"[0.05, 20]",3,source_validation,0.35723962143847166,0.38347705586548186,False,1.3577963096389107
receiver_loso_29,4829,SAR_GN,"[0.05, 20]",3,source_validation,0.3972673364120594,0.4251088821211367,False,1.360326651150564
receiver_loso_30,829,P0,"[0.05, 20]",3,source_validation,0.6347996742645532,0.776200856217482,False,1.7916814081762427
receiver_loso_30,829,P2,"[0.05, 20]",3,source_validation,0.636005074953843,0.9922235696214159,False,2.512572934034988
receiver_loso_30,829,T3A,"[0.05, 20]",3,source_validation,0.5443174412589978,0.5698815011038042,False,0.7655868078210148
receiver_loso_30,829,EMB_STD,"[0.05, 20]",3,source_validation,0.5839001973694807,0.7506361285166306,False,1.9182341910491576
receiver_loso_30,829,SAR_GN,"[0.05, 20]",3,source_validation,0.6347996742645532,0.776200856217482,False,1.7916814081762427
receiver_loso_30,1829,P0,"[0.05, 20]",3,source_validation,0.5452826045075955,0.6413855289819499,False,1.6773307955119698
receiver_loso_30,1829,P2,"[0.05, 20]",3,source_validation,0.59949618294924,0.9351159475477946,False,2.526763359114411
receiver_loso_30,1829,T3A,"[0.05, 20]",3,source_validation,0.4682785784302716,0.5258939745417212,False,0.6626773529569931
receiver_loso_30,1829,EMB_STD,"[0.05, 20]",3,source_validation,0.46834597211884404,0.5609894504695474,False,1.7167608075050225
receiver_loso_30,1829,SAR_GN,"[0.05, 20]",3,source_validation,0.5452826045075955,0.6413855289819499,False,1.6773307955119698
receiver_loso_30,2829,P0,"[0.05, 20]",3,source_validation,0.5587957039154631,0.7103269492977139,False,1.8770388273385483
receiver_loso_30,2829,P2,"[0.05, 20]",3,source_validation,0.6004794038967728,0.9205453538140365,False,2.486199913804294
receiver_loso_30,2829,T3A,"[0.05, 20]",3,source_validation,0.4735489666301696,0.4877133219503711,False,0.8185700439629853
receiver_loso_30,2829,EMB_STD,"[0.05, 20]",3,source_validation,0.5156323945465043,0.6809982112017625,False,1.9678628542608319
receiver_loso_30,2829,SAR_GN,"[0.05, 20]",3,source_validation,0.5587957039154631,0.7103269492977139,False,1.8770388273385483
receiver_loso_30,3829,P0,"[0.05, 20]",3,source_validation,0.6524152745329949,0.8509461554967276,False,2.0098869786160822
receiver_loso_30,3829,P2,"[0.05, 20]",3,source_validation,0.5436629212917701,0.761595235400567,False,2.1394120702815096
receiver_loso_30,3829,T3A,"[0.05, 20]",3,source_validation,0.5552376157581954,0.6005277160751997,False,0.6915655992253834
receiver_loso_30,3829,EMB_STD,"[0.05, 20]",3,source_validation,0.5937582269517424,0.8125280416972746,False,2.1105818994853323
receiver_loso_30,3829,SAR_GN,"[0.05, 20]",3,source_validation,0.6523976574192026,0.85096973853781,False,2.0100033419659344
receiver_loso_30,4829,P0,"[0.05, 20]",3,source_validation,0.5293808118368944,0.597097923246668,False,1.5465652023115877
receiver_loso_30,4829,P2,"[0.05, 20]",3,source_validation,0.5837819859396993,0.8867201683195426,False,2.451413775546451
receiver_loso_30,4829,T3A,"[0.05, 20]",3,source_validation,0.4736144232825517,0.5852280159877342,False,0.5604671460614032
receiver_loso_30,4829,EMB_STD,"[0.05, 20]",3,source_validation,0.4668453981932301,0.5195076125685886,False,1.4989195917850877
receiver_loso_30,4829,SAR_GN,"[0.05, 20]",3,source_validation,0.5293654047259637,0.5970876369278317,False,1.5465938661874061
receiver_loso_31,829,P0,"[0.05, 20]",3,source_validation,0.5054629362669091,0.6299142198004336,False,1.7908280352630104
receiver_loso_31,829,P2,"[0.05, 20]",3,source_validation,0.46737296102879816,0.5423362637002559,False,1.628831655196222
receiver_loso_31,829,T3A,"[0.05, 20]",3,source_validation,0.4611875477861202,0.47684254270311804,False,0.8057129305777656
receiver_loso_31,829,EMB_STD,"[0.05, 20]",3,source_validation,0.4315505167068032,0.5373999269275394,False,1.7724141764943127
receiver_loso_31,829,SAR_GN,"[0.05, 20]",3,source_validation,0.5054629362669091,0.6299142198004336,False,1.7908280352630104
receiver_loso_31,1829,P0,"[0.05, 20]",3,source_validation,0.4048827425741568,0.4316202732537812,False,1.3548795066915504
receiver_loso_31,1829,P2,"[0.05, 20]",3,source_validation,0.39211069141776206,0.45587333098979443,False,1.6527949968096551
receiver_loso_31,1829,T3A,"[0.05, 20]",3,source_validation,0.3491502596534042,0.4283062772362753,False,0.5913073869255714
receiver_loso_31,1829,EMB_STD,"[0.05, 20]",3,source_validation,0.3641806795886557,0.3886865340751398,False,1.3549712266225398
receiver_loso_31,1829,SAR_GN,"[0.05, 20]",3,source_validation,0.4048827425741568,0.4316202732537812,False,1.3548795066915504
receiver_loso_31,2829,P0,"[0.05, 20]",3,source_validation,0.464863073986901,0.5567571003595813,False,1.693523274383473
receiver_loso_31,2829,P2,"[0.05, 20]",3,source_validation,0.4027711371842906,0.5459129146478475,False,2.030718610100373
receiver_loso_31,2829,T3A,"[0.05, 20]",3,source_validation,0.4155469109326559,0.4371790892976706,False,0.7662184960599268
receiver_loso_31,2829,EMB_STD,"[0.05, 20]",3,source_validation,0.4158770918730525,0.5049376480573714,False,1.721203583426667
receiver_loso_31,2829,SAR_GN,"[0.05, 20]",3,source_validation,0.46480107165273005,0.5567266943367585,False,1.6936433705878489
receiver_loso_31,3829,P0,"[0.05, 20]",3,source_validation,0.43428030770152176,0.5085025929157091,False,1.6431393576994349
receiver_loso_31,3829,P2,"[0.05, 20]",3,source_validation,0.38610403212216693,0.4362889570165774,False,1.5427910094157469
receiver_loso_31,3829,T3A,"[0.05, 20]",3,source_validation,0.35570745959891076,0.4304617855193729,False,0.5931360608342283
receiver_loso_31,3829,EMB_STD,"[0.05, 20]",3,source_validation,0.395272800467735,0.4731777355037953,False,1.7009143638619426
receiver_loso_31,3829,SAR_GN,"[0.05, 20]",3,source_validation,0.43428030770152176,0.5085025929157091,False,1.6431393576994349
receiver_loso_31,4829,P0,"[0.05, 20]",3,source_validation,0.4275312955486918,0.45724447468078866,False,1.3678753826470795
receiver_loso_31,4829,P2,"[0.05, 20]",3,source_validation,0.39467993695014014,0.4546137293262807,False,1.5988568128742675
receiver_loso_31,4829,T3A,"[0.05, 20]",3,source_validation,0.34014792202073135,0.45647719956566335,False,0.5072971696770664
receiver_loso_31,4829,EMB_STD,"[0.05, 20]",3,source_validation,0.4122486535272217,0.4542369304915796,False,1.4521464977324587
receiver_loso_31,4829,SAR_GN,"[0.05, 20]",3,source_validation,0.4275312955486918,0.45724447468078866,False,1.3678753826470795
